pair_index,a_file,b_file
0,sample002_4e908fd2,sample164_6086e75c
1,sample042_70ed032c,sample164_6086e75c
2,sample068_f841a2c6,sample042_70ed032c
3,sample068_f841a2c6,sample248_79b27f7d
4,sample050_4cbe8ba0,sample248_79b27f7d
5,sample177_0198da6e,sample050_4cbe8ba0
6,sample168_22e2db9e,sample177_0198da6e
7,sample039_d5a20d17,sample168_22e2db9e
8,sample039_d5a20d17,sample048_e4494277
9,sample058_30b13499,sample048_e4494277
10,sample058_30b13499,sample126_ff7c90d7
11,sample126_ff7c90d7,sample056_f521058f
12,sample231_a7ca1cbe,sample056_f521058f
13,sample111_4737c4d2,sample231_a7ca1cbe
14,sample111_4737c4d2,sample158_3554df76
15,sample115_2bd91ef1,sample158_3554df76
16,sample115_2bd91ef1,sample109_2f2d8c0a
17,sample156_fd7b9fa4,sample109_2f2d8c0a
18,sample229_f92eb5b1,sample156_fd7b9fa4
19,sample062_daaf900c,sample229_f92eb5b1
20,sample052_bcf1cb6d,sample062_daaf900c
21,sample052_bcf1cb6d,sample167_a27abf78
22,sample141_8b2cf3b6,sample167_a27abf78
23,sample141_8b2cf3b6,sample134_0b972e44
24,sample134_0b972e44,sample087_61baefa8
25,sample087_61baefa8,sample245_2638b53c
26,sample095_039a7b60,sample245_2638b53c
27,sample131_26551668,sample095_039a7b60
28,sample216_ffa6ee05,sample131_26551668
29,sample216_ffa6ee05,sample070_ecd1d324
30,sample070_ecd1d324,sample186_e5557310
31,sample186_e5557310,sample176_db87a5a2
32,sample093_1c1b1da8,sample176_db87a5a2
33,sample093_1c1b1da8,sample104_e61bf93a
34,sample104_e61bf93a,sample045_14ac45b4
35,sample221_0d7c78bd,sample045_14ac45b4
36,sample221_0d7c78bd,sample190_762dfa42
37,sample190_762dfa42,sample038_e6b5ca93
38,sample133_a07c1913,sample038_e6b5ca93
39,sample133_a07c1913,sample130_ed256ee8
40,sample012_1a3238c3,sample130_ed256ee8
41,sample209_bed041d7,sample012_1a3238c3
42,sample209_bed041d7,sample236_f3d5c89f
43,sample029_6457d3d0,sample236_f3d5c89f
44,sample029_6457d3d0,sample057_29b21bea
45,sample057_29b21bea,sample189_b2eb371f
46,sample064_0b854809,sample189_b2eb371f
47,sample207_2ca97251,sample064_0b854809
48,sample207_2ca97251,sample043_e99d768e
49,sample043_e99d768e,sample007_6d0d70d7
50,sample136_390f0707,sample007_6d0d70d7
51,sample136_390f0707,sample066_f9dcce53
52,sample028_28cee35c,sample066_f9dcce53
53,sample028_28cee35c,sample031_c4c1f623
54,sample085_dd90578a,sample031_c4c1f623
55,sample117_4997d25a,sample085_dd90578a
56,sample166_8454c459,sample117_4997d25a
57,sample173_2377df9e,sample166_8454c459
58,sample173_2377df9e,sample018_c980f33d
59,sample018_c980f33d,sample118_96a1642f
60,sample127_7d7b8f84,sample118_96a1642f
61,sample127_7d7b8f84,sample075_4764b9a3
62,sample075_4764b9a3,sample208_160ca549
63,sample187_b0f03602,sample208_160ca549
64,sample187_b0f03602,sample096_11e92880
65,sample098_f5a9d2bc,sample096_11e92880
66,sample232_cf98e3c8,sample098_f5a9d2bc
67,sample150_0515f210,sample232_cf98e3c8
68,sample150_0515f210,sample025_76911851
69,sample025_76911851,sample147_b31be30b
70,sample147_b31be30b,sample172_7588bd44
71,sample172_7588bd44,sample152_2c7a9e21
72,sample152_2c7a9e21,sample181_a6621347
73,sample108_d2b794a9,sample181_a6621347
74,sample108_d2b794a9,sample005_a84d1a77
75,sample005_a84d1a77,sample105_f7a5e5bd
76,sample105_f7a5e5bd,sample239_70abef06
77,sample239_70abef06,sample010_86c5159a
78,sample010_86c5159a,sample049_fae6bd3c
79,sample049_fae6bd3c,sample160_ed88263c
80,sample091_671e5ef1,sample160_ed88263c
81,sample091_671e5ef1,sample094_6fbee84a
82,sample205_29b101bc,sample094_6fbee84a
83,sample205_29b101bc,sample233_4e88157a
84,sample195_26730d6d,sample233_4e88157a
85,sample246_e8541fc4,sample195_26730d6d
86,sample220_5a48d9b6,sample246_e8541fc4
87,sample220_5a48d9b6,sample086_fc6b25d7
88,sample086_fc6b25d7,sample165_cdf5c82d
89,sample067_224b9d42,sample165_cdf5c82d
90,sample067_224b9d42,sample213_d8480af4
91,sample154_f1fb8e99,sample213_d8480af4
92,sample006_fe39613e,sample154_f1fb8e99
93,sample006_fe39613e,sample103_540aea48
94,sample240_f834f12b,sample103_540aea48
95,sample212_4d3716b5,sample240_f834f12b
96,sample212_4d3716b5,sample011_25be81fc
97,sample007_946106c1,sample011_25be81fc
98,sample053_a2bad463,sample007_946106c1
99,sample223_e7455493,sample053_a2bad463
100,sample020_4a03fd2e,sample223_e7455493
101,sample237_9472557e,sample020_4a03fd2e
102,sample237_9472557e,sample143_caa0315c
103,sample027_cd0faf20,sample143_caa0315c
104,sample218_2eaffa66,sample027_cd0faf20
105,sample122_e1166b1d,sample218_2eaffa66
106,sample033_e451edf0,sample122_e1166b1d
107,sample092_7e1324ef,sample033_e451edf0
108,sample092_7e1324ef,sample003_627b76ff
109,sample202_3a6e070e,sample003_627b76ff
110,sample202_3a6e070e,sample224_1fc3e356
111,sample224_1fc3e356,sample107_a38717d4
112,sample041_06592579,sample107_a38717d4
113,sample204_baf7f138,sample041_06592579
114,sample204_baf7f138,sample074_0d740677
115,sample182_fc65241d,sample074_0d740677
116,sample013_82d2cad9,sample182_fc65241d
117,sample013_82d2cad9,sample077_0b68117f
118,sample077_0b68117f,sample040_2bfbed5d
119,sample040_2bfbed5d,sample243_1ced9527
120,sample243_1ced9527,sample044_e5a06143
121,sample100_7eeb677c,sample044_e5a06143
122,sample100_7eeb677c,sample116_e242d5ac
123,sample116_e242d5ac,sample088_4f85a4f9
124,sample081_44c869d5,sample088_4f85a4f9
125,sample210_ac1f93e1,sample081_44c869d5
126,sample210_ac1f93e1,sample184_2c9ff4fe
127,sample114_fdb345bb,sample184_2c9ff4fe
128,sample197_9fb7ce5f,sample114_fdb345bb
129,sample244_f01a5078,sample197_9fb7ce5f
130,sample244_f01a5078,sample230_47b01153
131,sample059_ea36c31b,sample230_47b01153
132,sample069_5cae6d79,sample059_ea36c31b
133,sample069_5cae6d79,sample099_122a179d
134,sample099_122a179d,sample188_0e995f08
135,sample009_36a064d0,sample188_0e995f08
136,sample037_79498522,sample009_36a064d0
137,sample037_79498522,sample032_efba1c76
138,sample021_d21d4bb3,sample032_efba1c76
139,sample021_d21d4bb3,sample016_ac47e9d0
140,sample120_df4b6c69,sample016_ac47e9d0
141,sample196_3469b979,sample120_df4b6c69
142,sample008_056930c5,sample196_3469b979
143,sample008_056930c5,sample145_685d512c
144,sample145_685d512c,sample178_f1334217
145,sample178_f1334217,sample046_3dda9f49
146,sample163_35d6a180,sample046_3dda9f49
147,sample163_35d6a180,sample175_88993b09
148,sample146_36e0a56d,sample175_88993b09
149,sample169_2e4395a7,sample146_36e0a56d
150,sample247_388ecf10,sample169_2e4395a7
151,sample151_0c634082,sample247_388ecf10
152,sample151_0c634082,sample171_02b13e1c
153,sample198_ee0e18d2,sample171_02b13e1c
154,sample072_ca368684,sample198_ee0e18d2
155,sample149_46f6fc34,sample072_ca368684
156,sample161_04667130,sample149_46f6fc34
157,sample161_04667130,sample217_6377ae91
158,sample201_5430f370,sample217_6377ae91
159,sample201_5430f370,sample137_f533bb44
160,sample137_f533bb44,sample191_3361e30f
161,sample194_328dbd2a,sample191_3361e30f
162,sample030_9732143a,sample194_328dbd2a
163,sample030_9732143a,sample073_a3f37a12
164,sample073_a3f37a12,sample200_d8677912
165,sample235_ea92f26e,sample200_d8677912
166,sample235_ea92f26e,sample026_cce061cf
167,sample124_3f5d1a8c,sample026_cce061cf
168,sample241_9aeb4384,sample124_3f5d1a8c
169,sample080_20eca9e0,sample241_9aeb4384
170,sample080_20eca9e0,sample019_fb26ed47
171,sample225_ef9728ac,sample019_fb26ed47
172,sample225_ef9728ac,sample113_8ada680d
173,sample138_f46547e5,sample113_8ada680d
174,sample035_2729e0e2,sample138_f46547e5
175,sample035_2729e0e2,sample060_c4420875
176,sample060_c4420875,sample055_fb292964
177,sample055_fb292964,sample144_29c8262d
178,sample047_2aff3b5d,sample144_29c8262d
179,sample015_a93d8cfa,sample047_2aff3b5d
180,sample219_9b7a084f,sample015_a93d8cfa
181,sample219_9b7a084f,sample082_1b5867e7
182,sample082_1b5867e7,sample061_cdf92033
183,sample061_cdf92033,sample084_c70d4e6b
184,sample084_c70d4e6b,sample125_1b5a54f4
185,sample125_1b5a54f4,sample222_bfe748cb
186,sample001_3c29c5ba,sample222_bfe748cb
187,sample159_918aa5c3,sample001_3c29c5ba
188,sample159_918aa5c3,sample170_e547d744
189,sample180_e3d8d698,sample170_e547d744
190,sample101_fae0484f,sample180_e3d8d698
191,sample183_ca767767,sample101_fae0484f
192,sample022_dab4ef06,sample183_ca767767
193,sample022_dab4ef06,sample004_a72e2802
194,sample139_6badff7b,sample004_a72e2802
195,sample014_ac17730c,sample139_6badff7b
196,sample242_bc639087,sample014_ac17730c
197,sample242_bc639087,sample132_f2c32289
198,sample132_f2c32289,sample112_44add070
199,sample112_44add070,sample238_fdf5ca49
200,sample238_fdf5ca49,sample140_9355c8d3
201,sample140_9355c8d3,sample051_cadff688
202,sample051_cadff688,sample162_2cc0400c
203,sample162_2cc0400c,sample155_0163e391
204,sample155_0163e391,sample079_906be0f9
205,sample079_906be0f9,sample110_8e91af50
206,sample110_8e91af50,sample089_101bfe11
207,sample089_101bfe11,sample214_47d63bf9
208,sample214_47d63bf9,sample142_1985425c
209,sample119_a4f7dd43,sample142_1985425c
210,sample119_a4f7dd43,sample083_f5ef4dc7
211,sample083_f5ef4dc7,sample174_728e16bc
212,sample174_728e16bc,sample017_e847dff4
213,sample185_0ea0912d,sample017_e847dff4
214,sample185_0ea0912d,sample024_50e90c97
215,sample078_5b8ec916,sample024_50e90c97
216,sample078_5b8ec916,sample036_c2d5e868
217,sample036_c2d5e868,sample153_285b89ed
218,sample153_285b89ed,sample206_cada7cf4
219,sample206_cada7cf4,sample179_5d46b53e
220,sample135_743c9b1f,sample179_5d46b53e
221,sample063_768a6a1b,sample135_743c9b1f
222,sample063_768a6a1b,sample203_3b23436c
223,sample157_b1148f69,sample203_3b23436c
224,sample023_41c39e41,sample157_b1148f69
225,sample023_41c39e41,sample192_144a35f2
226,sample192_144a35f2,sample228_398bd9c3
227,sample071_1e1cdb9c,sample228_398bd9c3
228,sample034_3c0550fc,sample071_1e1cdb9c
229,sample034_3c0550fc,sample128_3857eff1
230,sample054_ecc70f99,sample128_3857eff1
231,sample054_ecc70f99,sample227_23672cca
232,sample148_b944223f,sample227_23672cca
233,sample090_e7880a98,sample148_b944223f
234,sample090_e7880a98,sample121_76bcb529
235,sample076_2a6025df,sample121_76bcb529
236,sample211_a2b39b71,sample076_2a6025df
237,sample199_40e217d7,sample211_a2b39b71
238,sample234_553dcff0,sample199_40e217d7
239,sample234_553dcff0,sample102_436dc55f
240,sample102_436dc55f,sample123_fc41e8f2
241,sample123_fc41e8f2,sample129_f22c6f56
242,sample065_f352d7d0,sample129_f22c6f56
243,sample065_f352d7d0,sample009_8fec8452
244,sample106_56fd4274,sample009_8fec8452
245,sample106_56fd4274,sample226_2d7ef8de
246,sample193_a3aba001,sample226_2d7ef8de
247,sample097_0a02c41a,sample193_a3aba001
248,sample215_cc025b5e,sample097_0a02c41a
249,sample002_4e908fd2,sample215_cc025b5e
250,sample001_3c29c5ba,sample002_4e908fd2
251,sample001_3c29c5ba,sample003_627b76ff
252,sample001_3c29c5ba,sample004_a72e2802
253,sample005_a84d1a77,sample001_3c29c5ba
254,sample001_3c29c5ba,sample006_fe39613e
255,sample001_3c29c5ba,sample007_6d0d70d7
256,sample001_3c29c5ba,sample008_056930c5
257,sample009_36a064d0,sample001_3c29c5ba
258,sample001_3c29c5ba,sample010_86c5159a
259,sample002_4e908fd2,sample001_3c29c5ba
260,sample003_627b76ff,sample002_4e908fd2
261,sample002_4e908fd2,sample004_a72e2802
262,sample005_a84d1a77,sample002_4e908fd2
263,sample002_4e908fd2,sample006_fe39613e
264,sample002_4e908fd2,sample007_6d0d70d7
265,sample002_4e908fd2,sample008_056930c5
266,sample009_36a064d0,sample002_4e908fd2
267,sample002_4e908fd2,sample010_86c5159a
268,sample001_3c29c5ba,sample003_627b76ff
269,sample002_4e908fd2,sample003_627b76ff
270,sample003_627b76ff,sample004_a72e2802
271,sample003_627b76ff,sample005_a84d1a77
272,sample003_627b76ff,sample006_fe39613e
273,sample003_627b76ff,sample007_6d0d70d7
274,sample003_627b76ff,sample008_056930c5
275,sample009_36a064d0,sample003_627b76ff
276,sample010_86c5159a,sample003_627b76ff
277,sample004_a72e2802,sample001_3c29c5ba
278,sample004_a72e2802,sample002_4e908fd2
279,sample003_627b76ff,sample004_a72e2802
280,sample005_a84d1a77,sample004_a72e2802
281,sample006_fe39613e,sample004_a72e2802
282,sample007_6d0d70d7,sample004_a72e2802
283,sample008_056930c5,sample004_a72e2802
284,sample004_a72e2802,sample009_36a064d0
285,sample010_86c5159a,sample004_a72e2802
286,sample001_3c29c5ba,sample005_a84d1a77
287,sample005_a84d1a77,sample002_4e908fd2
288,sample005_a84d1a77,sample003_627b76ff
289,sample005_a84d1a77,sample004_a72e2802
290,sample006_fe39613e,sample005_a84d1a77
291,sample005_a84d1a77,sample007_6d0d70d7
292,sample008_056930c5,sample005_a84d1a77
293,sample005_a84d1a77,sample009_36a064d0
294,sample010_86c5159a,sample005_a84d1a77
295,sample001_3c29c5ba,sample006_fe39613e
296,sample006_fe39613e,sample002_4e908fd2
297,sample003_627b76ff,sample006_fe39613e
298,sample006_fe39613e,sample004_a72e2802
299,sample006_fe39613e,sample005_a84d1a77
300,sample006_fe39613e,sample007_6d0d70d7
301,sample006_fe39613e,sample008_056930c5
302,sample006_fe39613e,sample009_36a064d0
303,sample006_fe39613e,sample010_86c5159a
304,sample001_3c29c5ba,sample007_6d0d70d7
305,sample002_4e908fd2,sample007_6d0d70d7
306,sample003_627b76ff,sample007_6d0d70d7
307,sample007_6d0d70d7,sample004_a72e2802
308,sample005_a84d1a77,sample007_6d0d70d7
309,sample006_fe39613e,sample007_6d0d70d7
310,sample008_056930c5,sample007_6d0d70d7
311,sample009_36a064d0,sample007_6d0d70d7
312,sample010_86c5159a,sample007_6d0d70d7
313,sample001_3c29c5ba,sample007_946106c1
314,sample002_4e908fd2,sample007_946106c1
315,sample003_627b76ff,sample007_946106c1
316,sample007_946106c1,sample004_a72e2802
317,sample005_a84d1a77,sample007_946106c1
318,sample007_946106c1,sample006_fe39613e
319,sample007_946106c1,sample007_6d0d70d7
320,sample007_946106c1,sample008_056930c5
321,sample009_36a064d0,sample007_946106c1
322,sample010_86c5159a,sample007_946106c1
323,sample001_3c29c5ba,sample008_056930c5
324,sample008_056930c5,sample002_4e908fd2
325,sample008_056930c5,sample003_627b76ff
326,sample004_a72e2802,sample008_056930c5
327,sample008_056930c5,sample005_a84d1a77
328,sample006_fe39613e,sample008_056930c5
329,sample007_6d0d70d7,sample008_056930c5
330,sample008_056930c5,sample009_36a064d0
331,sample008_056930c5,sample010_86c5159a
332,sample001_3c29c5ba,sample009_36a064d0
333,sample009_36a064d0,sample002_4e908fd2
334,sample009_36a064d0,sample003_627b76ff
335,sample009_36a064d0,sample004_a72e2802
336,sample005_a84d1a77,sample009_36a064d0
337,sample006_fe39613e,sample009_36a064d0
338,sample009_36a064d0,sample007_6d0d70d7
339,sample009_36a064d0,sample008_056930c5
340,sample009_36a064d0,sample010_86c5159a
341,sample001_3c29c5ba,sample009_8fec8452
342,sample002_4e908fd2,sample009_8fec8452
343,sample003_627b76ff,sample009_8fec8452
344,sample004_a72e2802,sample009_8fec8452
345,sample009_8fec8452,sample005_a84d1a77
346,sample006_fe39613e,sample009_8fec8452
347,sample009_8fec8452,sample007_6d0d70d7
348,sample009_8fec8452,sample008_056930c5
349,sample009_36a064d0,sample009_8fec8452
350,sample010_86c5159a,sample009_8fec8452
351,sample010_86c5159a,sample001_3c29c5ba
352,sample010_86c5159a,sample002_4e908fd2
353,sample003_627b76ff,sample010_86c5159a
354,sample004_a72e2802,sample010_86c5159a
355,sample010_86c5159a,sample005_a84d1a77
356,sample010_86c5159a,sample006_fe39613e
357,sample010_86c5159a,sample007_6d0d70d7
358,sample008_056930c5,sample010_86c5159a
359,sample009_36a064d0,sample010_86c5159a
360,sample001_3c29c5ba,sample011_25be81fc
361,sample002_4e908fd2,sample011_25be81fc
362,sample011_25be81fc,sample003_627b76ff
363,sample004_a72e2802,sample011_25be81fc
364,sample011_25be81fc,sample005_a84d1a77
365,sample011_25be81fc,sample006_fe39613e
366,sample007_6d0d70d7,sample011_25be81fc
367,sample008_056930c5,sample011_25be81fc
368,sample009_36a064d0,sample011_25be81fc
369,sample011_25be81fc,sample010_86c5159a
370,sample001_3c29c5ba,sample012_1a3238c3
371,sample012_1a3238c3,sample002_4e908fd2
372,sample012_1a3238c3,sample003_627b76ff
373,sample012_1a3238c3,sample004_a72e2802
374,sample005_a84d1a77,sample012_1a3238c3
375,sample006_fe39613e,sample012_1a3238c3
376,sample012_1a3238c3,sample007_6d0d70d7
377,sample008_056930c5,sample012_1a3238c3
378,sample009_36a064d0,sample012_1a3238c3
379,sample010_86c5159a,sample012_1a3238c3
380,sample013_82d2cad9,sample001_3c29c5ba
381,sample013_82d2cad9,sample002_4e908fd2
382,sample003_627b76ff,sample013_82d2cad9
383,sample004_a72e2802,sample013_82d2cad9
384,sample013_82d2cad9,sample005_a84d1a77
385,sample006_fe39613e,sample013_82d2cad9
386,sample013_82d2cad9,sample007_6d0d70d7
387,sample013_82d2cad9,sample008_056930c5
388,sample013_82d2cad9,sample009_36a064d0
389,sample010_86c5159a,sample013_82d2cad9
390,sample001_3c29c5ba,sample014_ac17730c
391,sample014_ac17730c,sample002_4e908fd2
392,sample003_627b76ff,sample014_ac17730c
393,sample014_ac17730c,sample004_a72e2802
394,sample014_ac17730c,sample005_a84d1a77
395,sample006_fe39613e,sample014_ac17730c
396,sample014_ac17730c,sample007_6d0d70d7
397,sample008_056930c5,sample014_ac17730c
398,sample009_36a064d0,sample014_ac17730c
399,sample010_86c5159a,sample014_ac17730c
400,sample001_3c29c5ba,sample015_a93d8cfa
401,sample015_a93d8cfa,sample002_4e908fd2
402,sample015_a93d8cfa,sample003_627b76ff
403,sample004_a72e2802,sample015_a93d8cfa
404,sample005_a84d1a77,sample015_a93d8cfa
405,sample015_a93d8cfa,sample006_fe39613e
406,sample015_a93d8cfa,sample007_6d0d70d7
407,sample015_a93d8cfa,sample008_056930c5
408,sample015_a93d8cfa,sample009_36a064d0
409,sample010_86c5159a,sample015_a93d8cfa
410,sample001_3c29c5ba,sample016_ac47e9d0
411,sample002_4e908fd2,sample016_ac47e9d0
412,sample016_ac47e9d0,sample003_627b76ff
413,sample016_ac47e9d0,sample004_a72e2802
414,sample005_a84d1a77,sample016_ac47e9d0
415,sample006_fe39613e,sample016_ac47e9d0
416,sample016_ac47e9d0,sample007_6d0d70d7
417,sample008_056930c5,sample016_ac47e9d0
418,sample009_36a064d0,sample016_ac47e9d0
419,sample010_86c5159a,sample016_ac47e9d0
420,sample017_e847dff4,sample001_3c29c5ba
421,sample017_e847dff4,sample002_4e908fd2
422,sample017_e847dff4,sample003_627b76ff
423,sample004_a72e2802,sample017_e847dff4
424,sample017_e847dff4,sample005_a84d1a77
425,sample006_fe39613e,sample017_e847dff4
426,sample017_e847dff4,sample007_6d0d70d7
427,sample008_056930c5,sample017_e847dff4
428,sample017_e847dff4,sample009_36a064d0
429,sample010_86c5159a,sample017_e847dff4
430,sample018_c980f33d,sample001_3c29c5ba
431,sample018_c980f33d,sample002_4e908fd2
432,sample003_627b76ff,sample018_c980f33d
433,sample018_c980f33d,sample004_a72e2802
434,sample005_a84d1a77,sample018_c980f33d
435,sample006_fe39613e,sample018_c980f33d
436,sample007_6d0d70d7,sample018_c980f33d
437,sample008_056930c5,sample018_c980f33d
438,sample018_c980f33d,sample009_36a064d0
439,sample018_c980f33d,sample010_86c5159a
440,sample019_fb26ed47,sample001_3c29c5ba
441,sample002_4e908fd2,sample019_fb26ed47
442,sample003_627b76ff,sample019_fb26ed47
443,sample004_a72e2802,sample019_fb26ed47
444,sample019_fb26ed47,sample005_a84d1a77
445,sample006_fe39613e,sample019_fb26ed47
446,sample007_6d0d70d7,sample019_fb26ed47
447,sample019_fb26ed47,sample008_056930c5
448,sample009_36a064d0,sample019_fb26ed47
449,sample019_fb26ed47,sample010_86c5159a
450,sample020_4a03fd2e,sample001_3c29c5ba
451,sample020_4a03fd2e,sample002_4e908fd2
452,sample020_4a03fd2e,sample003_627b76ff
453,sample004_a72e2802,sample020_4a03fd2e
454,sample005_a84d1a77,sample020_4a03fd2e
455,sample006_fe39613e,sample020_4a03fd2e
456,sample007_6d0d70d7,sample020_4a03fd2e
457,sample020_4a03fd2e,sample008_056930c5
458,sample009_36a064d0,sample020_4a03fd2e
459,sample010_86c5159a,sample020_4a03fd2e
460,sample001_3c29c5ba,sample021_d21d4bb3
461,sample021_d21d4bb3,sample002_4e908fd2
462,sample021_d21d4bb3,sample003_627b76ff
463,sample021_d21d4bb3,sample004_a72e2802
464,sample005_a84d1a77,sample021_d21d4bb3
465,sample006_fe39613e,sample021_d21d4bb3
466,sample021_d21d4bb3,sample007_6d0d70d7
467,sample021_d21d4bb3,sample008_056930c5
468,sample021_d21d4bb3,sample009_36a064d0
469,sample010_86c5159a,sample021_d21d4bb3
470,sample022_dab4ef06,sample001_3c29c5ba
471,sample022_dab4ef06,sample002_4e908fd2
472,sample022_dab4ef06,sample003_627b76ff
473,sample022_dab4ef06,sample005_a84d1a77
474,sample022_dab4ef06,sample006_fe39613e
475,sample022_dab4ef06,sample007_6d0d70d7
476,sample022_dab4ef06,sample008_056930c5
477,sample022_dab4ef06,sample009_36a064d0
478,sample010_86c5159a,sample022_dab4ef06
479,sample001_3c29c5ba,sample023_41c39e41
480,sample023_41c39e41,sample002_4e908fd2
481,sample023_41c39e41,sample003_627b76ff
482,sample004_a72e2802,sample023_41c39e41
483,sample023_41c39e41,sample005_a84d1a77
484,sample006_fe39613e,sample023_41c39e41
485,sample023_41c39e41,sample007_6d0d70d7
486,sample023_41c39e41,sample008_056930c5
487,sample023_41c39e41,sample009_36a064d0
488,sample010_86c5159a,sample023_41c39e41
489,sample001_3c29c5ba,sample024_50e90c97
490,sample002_4e908fd2,sample024_50e90c97
491,sample003_627b76ff,sample024_50e90c97
492,sample024_50e90c97,sample004_a72e2802
493,sample024_50e90c97,sample005_a84d1a77
494,sample024_50e90c97,sample006_fe39613e
495,sample024_50e90c97,sample007_6d0d70d7
496,sample008_056930c5,sample024_50e90c97
497,sample024_50e90c97,sample009_36a064d0
498,sample010_86c5159a,sample024_50e90c97
499,sample001_3c29c5ba,sample025_76911851
500,sample025_76911851,sample002_4e908fd2
501,sample003_627b76ff,sample025_76911851
502,sample004_a72e2802,sample025_76911851
503,sample005_a84d1a77,sample025_76911851
504,sample006_fe39613e,sample025_76911851
505,sample025_76911851,sample007_6d0d70d7
506,sample025_76911851,sample008_056930c5
507,sample009_36a064d0,sample025_76911851
508,sample025_76911851,sample010_86c5159a
509,sample001_3c29c5ba,sample026_cce061cf
510,sample002_4e908fd2,sample026_cce061cf
511,sample026_cce061cf,sample003_627b76ff
512,sample026_cce061cf,sample004_a72e2802
513,sample005_a84d1a77,sample026_cce061cf
514,sample026_cce061cf,sample006_fe39613e
515,sample026_cce061cf,sample007_6d0d70d7
516,sample026_cce061cf,sample008_056930c5
517,sample026_cce061cf,sample009_36a064d0
518,sample026_cce061cf,sample010_86c5159a
519,sample027_cd0faf20,sample001_3c29c5ba
520,sample027_cd0faf20,sample002_4e908fd2
521,sample003_627b76ff,sample027_cd0faf20
522,sample004_a72e2802,sample027_cd0faf20
523,sample027_cd0faf20,sample005_a84d1a77
524,sample006_fe39613e,sample027_cd0faf20
525,sample027_cd0faf20,sample007_6d0d70d7
526,sample027_cd0faf20,sample008_056930c5
527,sample009_36a064d0,sample027_cd0faf20
528,sample010_86c5159a,sample027_cd0faf20
529,sample001_3c29c5ba,sample028_28cee35c
530,sample002_4e908fd2,sample028_28cee35c
531,sample028_28cee35c,sample003_627b76ff
532,sample004_a72e2802,sample028_28cee35c
533,sample028_28cee35c,sample005_a84d1a77
534,sample006_fe39613e,sample028_28cee35c
535,sample028_28cee35c,sample007_6d0d70d7
536,sample008_056930c5,sample028_28cee35c
537,sample028_28cee35c,sample009_36a064d0
538,sample028_28cee35c,sample010_86c5159a
539,sample029_6457d3d0,sample001_3c29c5ba
540,sample002_4e908fd2,sample029_6457d3d0
541,sample003_627b76ff,sample029_6457d3d0
542,sample004_a72e2802,sample029_6457d3d0
543,sample005_a84d1a77,sample029_6457d3d0
544,sample006_fe39613e,sample029_6457d3d0
545,sample007_6d0d70d7,sample029_6457d3d0
546,sample008_056930c5,sample029_6457d3d0
547,sample029_6457d3d0,sample009_36a064d0
548,sample010_86c5159a,sample029_6457d3d0
549,sample001_3c29c5ba,sample030_9732143a
550,sample030_9732143a,sample002_4e908fd2
551,sample003_627b76ff,sample030_9732143a
552,sample004_a72e2802,sample030_9732143a
553,sample005_a84d1a77,sample030_9732143a
554,sample030_9732143a,sample006_fe39613e
555,sample030_9732143a,sample007_6d0d70d7
556,sample008_056930c5,sample030_9732143a
557,sample009_36a064d0,sample030_9732143a
558,sample010_86c5159a,sample030_9732143a
559,sample031_c4c1f623,sample001_3c29c5ba
560,sample031_c4c1f623,sample002_4e908fd2
561,sample003_627b76ff,sample031_c4c1f623
562,sample031_c4c1f623,sample004_a72e2802
563,sample005_a84d1a77,sample031_c4c1f623
564,sample031_c4c1f623,sample006_fe39613e
565,sample007_6d0d70d7,sample031_c4c1f623
566,sample031_c4c1f623,sample008_056930c5
567,sample031_c4c1f623,sample009_36a064d0
568,sample010_86c5159a,sample031_c4c1f623
569,sample032_efba1c76,sample001_3c29c5ba
570,sample002_4e908fd2,sample032_efba1c76
571,sample032_efba1c76,sample003_627b76ff
572,sample004_a72e2802,sample032_efba1c76
573,sample032_efba1c76,sample005_a84d1a77
574,sample032_efba1c76,sample006_fe39613e
575,sample032_efba1c76,sample007_6d0d70d7
576,sample008_056930c5,sample032_efba1c76
577,sample009_36a064d0,sample032_efba1c76
578,sample032_efba1c76,sample010_86c5159a
579,sample033_e451edf0,sample001_3c29c5ba
580,sample033_e451edf0,sample002_4e908fd2
581,sample033_e451edf0,sample003_627b76ff
582,sample004_a72e2802,sample033_e451edf0
583,sample033_e451edf0,sample005_a84d1a77
584,sample006_fe39613e,sample033_e451edf0
585,sample007_6d0d70d7,sample033_e451edf0
586,sample033_e451edf0,sample008_056930c5
587,sample033_e451edf0,sample009_36a064d0
588,sample010_86c5159a,sample033_e451edf0
589,sample034_3c0550fc,sample001_3c29c5ba
590,sample034_3c0550fc,sample002_4e908fd2
591,sample034_3c0550fc,sample003_627b76ff
592,sample004_a72e2802,sample034_3c0550fc
593,sample005_a84d1a77,sample034_3c0550fc
594,sample006_fe39613e,sample034_3c0550fc
595,sample034_3c0550fc,sample007_6d0d70d7
596,sample008_056930c5,sample034_3c0550fc
597,sample009_36a064d0,sample034_3c0550fc
598,sample010_86c5159a,sample034_3c0550fc
599,sample035_2729e0e2,sample001_3c29c5ba
600,sample002_4e908fd2,sample035_2729e0e2
601,sample035_2729e0e2,sample003_627b76ff
602,sample035_2729e0e2,sample004_a72e2802
603,sample005_a84d1a77,sample035_2729e0e2
604,sample006_fe39613e,sample035_2729e0e2
605,sample007_6d0d70d7,sample035_2729e0e2
606,sample035_2729e0e2,sample008_056930c5
607,sample009_36a064d0,sample035_2729e0e2
608,sample010_86c5159a,sample035_2729e0e2
609,sample036_c2d5e868,sample001_3c29c5ba
610,sample036_c2d5e868,sample002_4e908fd2
611,sample003_627b76ff,sample036_c2d5e868
612,sample036_c2d5e868,sample004_a72e2802
613,sample036_c2d5e868,sample005_a84d1a77
614,sample006_fe39613e,sample036_c2d5e868
615,sample036_c2d5e868,sample007_6d0d70d7
616,sample036_c2d5e868,sample008_056930c5
617,sample009_36a064d0,sample036_c2d5e868
618,sample010_86c5159a,sample036_c2d5e868
619,sample001_3c29c5ba,sample037_79498522
620,sample037_79498522,sample002_4e908fd2
621,sample003_627b76ff,sample037_79498522
622,sample037_79498522,sample004_a72e2802
623,sample037_79498522,sample005_a84d1a77
624,sample037_79498522,sample006_fe39613e
625,sample007_6d0d70d7,sample037_79498522
626,sample008_056930c5,sample037_79498522
627,sample010_86c5159a,sample037_79498522
628,sample038_e6b5ca93,sample001_3c29c5ba
629,sample002_4e908fd2,sample038_e6b5ca93
630,sample003_627b76ff,sample038_e6b5ca93
631,sample004_a72e2802,sample038_e6b5ca93
632,sample005_a84d1a77,sample038_e6b5ca93
633,sample038_e6b5ca93,sample006_fe39613e
634,sample038_e6b5ca93,sample007_6d0d70d7
635,sample008_056930c5,sample038_e6b5ca93
636,sample009_36a064d0,sample038_e6b5ca93
637,sample038_e6b5ca93,sample010_86c5159a
638,sample039_d5a20d17,sample001_3c29c5ba
639,sample039_d5a20d17,sample002_4e908fd2
640,sample039_d5a20d17,sample003_627b76ff
641,sample004_a72e2802,sample039_d5a20d17
642,sample039_d5a20d17,sample005_a84d1a77
643,sample006_fe39613e,sample039_d5a20d17
644,sample039_d5a20d17,sample007_6d0d70d7
645,sample039_d5a20d17,sample008_056930c5
646,sample039_d5a20d17,sample009_36a064d0
647,sample039_d5a20d17,sample010_86c5159a
648,sample001_3c29c5ba,sample040_2bfbed5d
649,sample002_4e908fd2,sample040_2bfbed5d
650,sample003_627b76ff,sample040_2bfbed5d
651,sample040_2bfbed5d,sample004_a72e2802
652,sample040_2bfbed5d,sample005_a84d1a77
653,sample006_fe39613e,sample040_2bfbed5d
654,sample007_6d0d70d7,sample040_2bfbed5d
655,sample008_056930c5,sample040_2bfbed5d
656,sample040_2bfbed5d,sample009_36a064d0
657,sample040_2bfbed5d,sample010_86c5159a
658,sample041_06592579,sample001_3c29c5ba
659,sample002_4e908fd2,sample041_06592579
660,sample003_627b76ff,sample041_06592579
661,sample041_06592579,sample004_a72e2802
662,sample041_06592579,sample005_a84d1a77
663,sample006_fe39613e,sample041_06592579
664,sample041_06592579,sample007_6d0d70d7
665,sample041_06592579,sample008_056930c5
666,sample041_06592579,sample009_36a064d0
667,sample041_06592579,sample010_86c5159a
668,sample001_3c29c5ba,sample042_70ed032c
669,sample002_4e908fd2,sample042_70ed032c
670,sample003_627b76ff,sample042_70ed032c
671,sample042_70ed032c,sample004_a72e2802
672,sample005_a84d1a77,sample042_70ed032c
673,sample006_fe39613e,sample042_70ed032c
674,sample042_70ed032c,sample007_6d0d70d7
675,sample008_056930c5,sample042_70ed032c
676,sample042_70ed032c,sample009_36a064d0
677,sample042_70ed032c,sample010_86c5159a
678,sample043_e99d768e,sample001_3c29c5ba
679,sample043_e99d768e,sample002_4e908fd2
680,sample043_e99d768e,sample003_627b76ff
681,sample004_a72e2802,sample043_e99d768e
682,sample005_a84d1a77,sample043_e99d768e
683,sample006_fe39613e,sample043_e99d768e
684,sample008_056930c5,sample043_e99d768e
685,sample009_36a064d0,sample043_e99d768e
686,sample043_e99d768e,sample010_86c5159a
687,sample044_e5a06143,sample001_3c29c5ba
688,sample002_4e908fd2,sample044_e5a06143
689,sample044_e5a06143,sample003_627b76ff
690,sample044_e5a06143,sample004_a72e2802
691,sample044_e5a06143,sample005_a84d1a77
692,sample044_e5a06143,sample006_fe39613e
693,sample007_6d0d70d7,sample044_e5a06143
694,sample044_e5a06143,sample008_056930c5
695,sample044_e5a06143,sample009_36a064d0
696,sample010_86c5159a,sample044_e5a06143
697,sample001_3c29c5ba,sample045_14ac45b4
698,sample002_4e908fd2,sample045_14ac45b4
699,sample045_14ac45b4,sample003_627b76ff
700,sample004_a72e2802,sample045_14ac45b4
701,sample045_14ac45b4,sample005_a84d1a77
702,sample045_14ac45b4,sample006_fe39613e
703,sample045_14ac45b4,sample007_6d0d70d7
704,sample008_056930c5,sample045_14ac45b4
705,sample045_14ac45b4,sample009_36a064d0
706,sample045_14ac45b4,sample010_86c5159a
707,sample046_3dda9f49,sample001_3c29c5ba
708,sample046_3dda9f49,sample002_4e908fd2
709,sample046_3dda9f49,sample003_627b76ff
710,sample004_a72e2802,sample046_3dda9f49
711,sample046_3dda9f49,sample005_a84d1a77
712,sample006_fe39613e,sample046_3dda9f49
713,sample046_3dda9f49,sample007_6d0d70d7
714,sample046_3dda9f49,sample008_056930c5
715,sample046_3dda9f49,sample009_36a064d0
716,sample046_3dda9f49,sample010_86c5159a
717,sample047_2aff3b5d,sample001_3c29c5ba
718,sample047_2aff3b5d,sample002_4e908fd2
719,sample047_2aff3b5d,sample003_627b76ff
720,sample004_a72e2802,sample047_2aff3b5d
721,sample005_a84d1a77,sample047_2aff3b5d
722,sample006_fe39613e,sample047_2aff3b5d
723,sample047_2aff3b5d,sample007_6d0d70d7
724,sample047_2aff3b5d,sample008_056930c5
725,sample009_36a064d0,sample047_2aff3b5d
726,sample010_86c5159a,sample047_2aff3b5d
727,sample001_3c29c5ba,sample048_e4494277
728,sample002_4e908fd2,sample048_e4494277
729,sample003_627b76ff,sample048_e4494277
730,sample004_a72e2802,sample048_e4494277
731,sample005_a84d1a77,sample048_e4494277
732,sample006_fe39613e,sample048_e4494277
733,sample048_e4494277,sample007_6d0d70d7
734,sample008_056930c5,sample048_e4494277
735,sample048_e4494277,sample009_36a064d0
736,sample010_86c5159a,sample048_e4494277
737,sample001_3c29c5ba,sample049_fae6bd3c
738,sample002_4e908fd2,sample049_fae6bd3c
739,sample049_fae6bd3c,sample003_627b76ff
740,sample004_a72e2802,sample049_fae6bd3c
741,sample049_fae6bd3c,sample005_a84d1a77
742,sample006_fe39613e,sample049_fae6bd3c
743,sample049_fae6bd3c,sample007_6d0d70d7
744,sample049_fae6bd3c,sample008_056930c5
745,sample049_fae6bd3c,sample009_36a064d0
746,sample001_3c29c5ba,sample050_4cbe8ba0
747,sample002_4e908fd2,sample050_4cbe8ba0
748,sample003_627b76ff,sample050_4cbe8ba0
749,sample004_a72e2802,sample050_4cbe8ba0
750,sample050_4cbe8ba0,sample005_a84d1a77
751,sample006_fe39613e,sample050_4cbe8ba0
752,sample007_6d0d70d7,sample050_4cbe8ba0
753,sample050_4cbe8ba0,sample008_056930c5
754,sample009_36a064d0,sample050_4cbe8ba0
755,sample010_86c5159a,sample050_4cbe8ba0
756,sample051_cadff688,sample001_3c29c5ba
757,sample002_4e908fd2,sample051_cadff688
758,sample051_cadff688,sample003_627b76ff
759,sample004_a72e2802,sample051_cadff688
760,sample005_a84d1a77,sample051_cadff688
761,sample051_cadff688,sample006_fe39613e
762,sample007_6d0d70d7,sample051_cadff688
763,sample008_056930c5,sample051_cadff688
764,sample009_36a064d0,sample051_cadff688
765,sample051_cadff688,sample010_86c5159a
766,sample052_bcf1cb6d,sample001_3c29c5ba
767,sample002_4e908fd2,sample052_bcf1cb6d
768,sample052_bcf1cb6d,sample003_627b76ff
769,sample052_bcf1cb6d,sample004_a72e2802
770,sample052_bcf1cb6d,sample005_a84d1a77
771,sample006_fe39613e,sample052_bcf1cb6d
772,sample052_bcf1cb6d,sample007_6d0d70d7
773,sample008_056930c5,sample052_bcf1cb6d
774,sample009_36a064d0,sample052_bcf1cb6d
775,sample052_bcf1cb6d,sample010_86c5159a
776,sample001_3c29c5ba,sample053_a2bad463
777,sample002_4e908fd2,sample053_a2bad463
778,sample003_627b76ff,sample053_a2bad463
779,sample004_a72e2802,sample053_a2bad463
780,sample005_a84d1a77,sample053_a2bad463
781,sample053_a2bad463,sample006_fe39613e
782,sample053_a2bad463,sample007_6d0d70d7
783,sample008_056930c5,sample053_a2bad463
784,sample009_36a064d0,sample053_a2bad463
785,sample010_86c5159a,sample053_a2bad463
786,sample054_ecc70f99,sample001_3c29c5ba
787,sample054_ecc70f99,sample002_4e908fd2
788,sample054_ecc70f99,sample003_627b76ff
789,sample004_a72e2802,sample054_ecc70f99
790,sample005_a84d1a77,sample054_ecc70f99
791,sample054_ecc70f99,sample006_fe39613e
792,sample007_6d0d70d7,sample054_ecc70f99
793,sample054_ecc70f99,sample008_056930c5
794,sample054_ecc70f99,sample009_36a064d0
795,sample010_86c5159a,sample054_ecc70f99
796,sample001_3c29c5ba,sample055_fb292964
797,sample055_fb292964,sample002_4e908fd2
798,sample003_627b76ff,sample055_fb292964
799,sample055_fb292964,sample004_a72e2802
800,sample055_fb292964,sample005_a84d1a77
801,sample055_fb292964,sample006_fe39613e
802,sample007_6d0d70d7,sample055_fb292964
803,sample008_056930c5,sample055_fb292964
804,sample055_fb292964,sample009_36a064d0
805,sample055_fb292964,sample010_86c5159a
806,sample001_3c29c5ba,sample056_f521058f
807,sample056_f521058f,sample002_4e908fd2
808,sample003_627b76ff,sample056_f521058f
809,sample056_f521058f,sample004_a72e2802
810,sample005_a84d1a77,sample056_f521058f
811,sample056_f521058f,sample006_fe39613e
812,sample056_f521058f,sample007_6d0d70d7
813,sample056_f521058f,sample008_056930c5
814,sample056_f521058f,sample009_36a064d0
815,sample010_86c5159a,sample056_f521058f
816,sample057_29b21bea,sample001_3c29c5ba
817,sample057_29b21bea,sample002_4e908fd2
818,sample057_29b21bea,sample003_627b76ff
819,sample004_a72e2802,sample057_29b21bea
820,sample057_29b21bea,sample005_a84d1a77
821,sample006_fe39613e,sample057_29b21bea
822,sample007_6d0d70d7,sample057_29b21bea
823,sample057_29b21bea,sample008_056930c5
824,sample009_36a064d0,sample057_29b21bea
825,sample010_86c5159a,sample057_29b21bea
826,sample001_3c29c5ba,sample058_30b13499
827,sample002_4e908fd2,sample058_30b13499
828,sample003_627b76ff,sample058_30b13499
829,sample004_a72e2802,sample058_30b13499
830,sample058_30b13499,sample005_a84d1a77
831,sample058_30b13499,sample006_fe39613e
832,sample058_30b13499,sample007_6d0d70d7
833,sample008_056930c5,sample058_30b13499
834,sample009_36a064d0,sample058_30b13499
835,sample010_86c5159a,sample058_30b13499
836,sample001_3c29c5ba,sample059_ea36c31b
837,sample002_4e908fd2,sample059_ea36c31b
838,sample059_ea36c31b,sample003_627b76ff
839,sample059_ea36c31b,sample004_a72e2802
840,sample059_ea36c31b,sample005_a84d1a77
841,sample006_fe39613e,sample059_ea36c31b
842,sample059_ea36c31b,sample007_6d0d70d7
843,sample059_ea36c31b,sample008_056930c5
844,sample009_36a064d0,sample059_ea36c31b
845,sample059_ea36c31b,sample010_86c5159a
846,sample001_3c29c5ba,sample060_c4420875
847,sample060_c4420875,sample002_4e908fd2
848,sample003_627b76ff,sample060_c4420875
849,sample004_a72e2802,sample060_c4420875
850,sample005_a84d1a77,sample060_c4420875
851,sample006_fe39613e,sample060_c4420875
852,sample060_c4420875,sample007_6d0d70d7
853,sample008_056930c5,sample060_c4420875
854,sample060_c4420875,sample009_36a064d0
855,sample060_c4420875,sample010_86c5159a
856,sample061_cdf92033,sample001_3c29c5ba
857,sample061_cdf92033,sample002_4e908fd2
858,sample061_cdf92033,sample003_627b76ff
859,sample061_cdf92033,sample004_a72e2802
860,sample005_a84d1a77,sample061_cdf92033
861,sample006_fe39613e,sample061_cdf92033
862,sample007_6d0d70d7,sample061_cdf92033
863,sample061_cdf92033,sample008_056930c5
864,sample009_36a064d0,sample061_cdf92033
865,sample010_86c5159a,sample061_cdf92033
866,sample062_daaf900c,sample001_3c29c5ba
867,sample062_daaf900c,sample002_4e908fd2
868,sample003_627b76ff,sample062_daaf900c
869,sample062_daaf900c,sample004_a72e2802
870,sample062_daaf900c,sample005_a84d1a77
871,sample062_daaf900c,sample006_fe39613e
872,sample062_daaf900c,sample007_6d0d70d7
873,sample008_056930c5,sample062_daaf900c
874,sample062_daaf900c,sample009_36a064d0
875,sample010_86c5159a,sample062_daaf900c
876,sample063_768a6a1b,sample001_3c29c5ba
877,sample063_768a6a1b,sample002_4e908fd2
878,sample063_768a6a1b,sample003_627b76ff
879,sample063_768a6a1b,sample004_a72e2802
880,sample005_a84d1a77,sample063_768a6a1b
881,sample063_768a6a1b,sample006_fe39613e
882,sample063_768a6a1b,sample007_6d0d70d7
883,sample063_768a6a1b,sample008_056930c5
884,sample009_36a064d0,sample063_768a6a1b
885,sample010_86c5159a,sample063_768a6a1b
886,sample064_0b854809,sample001_3c29c5ba
887,sample064_0b854809,sample002_4e908fd2
888,sample003_627b76ff,sample064_0b854809
889,sample064_0b854809,sample004_a72e2802
890,sample064_0b854809,sample005_a84d1a77
891,sample006_fe39613e,sample064_0b854809
892,sample007_6d0d70d7,sample064_0b854809
893,sample064_0b854809,sample008_056930c5
894,sample009_36a064d0,sample064_0b854809
895,sample064_0b854809,sample010_86c5159a
896,sample001_3c29c5ba,sample065_f352d7d0
897,sample065_f352d7d0,sample002_4e908fd2
898,sample003_627b76ff,sample065_f352d7d0
899,sample065_f352d7d0,sample004_a72e2802
900,sample065_f352d7d0,sample005_a84d1a77
901,sample065_f352d7d0,sample006_fe39613e
902,sample065_f352d7d0,sample007_6d0d70d7
903,sample008_056930c5,sample065_f352d7d0
904,sample065_f352d7d0,sample009_36a064d0
905,sample010_86c5159a,sample065_f352d7d0
906,sample066_f9dcce53,sample001_3c29c5ba
907,sample002_4e908fd2,sample066_f9dcce53
908,sample066_f9dcce53,sample003_627b76ff
909,sample004_a72e2802,sample066_f9dcce53
910,sample066_f9dcce53,sample005_a84d1a77
911,sample006_fe39613e,sample066_f9dcce53
912,sample007_6d0d70d7,sample066_f9dcce53
913,sample008_056930c5,sample066_f9dcce53
914,sample066_f9dcce53,sample009_36a064d0
915,sample066_f9dcce53,sample010_86c5159a
916,sample067_224b9d42,sample001_3c29c5ba
917,sample067_224b9d42,sample002_4e908fd2
918,sample067_224b9d42,sample003_627b76ff
919,sample067_224b9d42,sample004_a72e2802
920,sample067_224b9d42,sample005_a84d1a77
921,sample067_224b9d42,sample006_fe39613e
922,sample067_224b9d42,sample007_6d0d70d7
923,sample008_056930c5,sample067_224b9d42
924,sample067_224b9d42,sample009_36a064d0
925,sample010_86c5159a,sample067_224b9d42
926,sample068_f841a2c6,sample001_3c29c5ba
927,sample002_4e908fd2,sample068_f841a2c6
928,sample003_627b76ff,sample068_f841a2c6
929,sample004_a72e2802,sample068_f841a2c6
930,sample005_a84d1a77,sample068_f841a2c6
931,sample068_f841a2c6,sample006_fe39613e
932,sample068_f841a2c6,sample007_6d0d70d7
933,sample068_f841a2c6,sample008_056930c5
934,sample068_f841a2c6,sample009_36a064d0
935,sample010_86c5159a,sample068_f841a2c6
936,sample001_3c29c5ba,sample069_5cae6d79
937,sample069_5cae6d79,sample002_4e908fd2
938,sample069_5cae6d79,sample003_627b76ff
939,sample004_a72e2802,sample069_5cae6d79
940,sample069_5cae6d79,sample005_a84d1a77
941,sample069_5cae6d79,sample006_fe39613e
942,sample007_6d0d70d7,sample069_5cae6d79
943,sample008_056930c5,sample069_5cae6d79
944,sample009_36a064d0,sample069_5cae6d79
945,sample010_86c5159a,sample069_5cae6d79
946,sample070_ecd1d324,sample001_3c29c5ba
947,sample002_4e908fd2,sample070_ecd1d324
948,sample070_ecd1d324,sample003_627b76ff
949,sample004_a72e2802,sample070_ecd1d324
950,sample005_a84d1a77,sample070_ecd1d324
951,sample006_fe39613e,sample070_ecd1d324
952,sample007_6d0d70d7,sample070_ecd1d324
953,sample008_056930c5,sample070_ecd1d324
954,sample009_36a064d0,sample070_ecd1d324
955,sample070_ecd1d324,sample010_86c5159a
956,sample001_3c29c5ba,sample071_1e1cdb9c
957,sample071_1e1cdb9c,sample002_4e908fd2
958,sample071_1e1cdb9c,sample003_627b76ff
959,sample071_1e1cdb9c,sample004_a72e2802
960,sample005_a84d1a77,sample071_1e1cdb9c
961,sample071_1e1cdb9c,sample006_fe39613e
962,sample071_1e1cdb9c,sample007_6d0d70d7
963,sample071_1e1cdb9c,sample008_056930c5
964,sample071_1e1cdb9c,sample009_36a064d0
965,sample010_86c5159a,sample071_1e1cdb9c
966,sample001_3c29c5ba,sample072_ca368684
967,sample072_ca368684,sample002_4e908fd2
968,sample072_ca368684,sample003_627b76ff
969,sample004_a72e2802,sample072_ca368684
970,sample005_a84d1a77,sample072_ca368684
971,sample072_ca368684,sample006_fe39613e
972,sample072_ca368684,sample007_6d0d70d7
973,sample008_056930c5,sample072_ca368684
974,sample009_36a064d0,sample072_ca368684
975,sample010_86c5159a,sample072_ca368684
976,sample073_a3f37a12,sample001_3c29c5ba
977,sample073_a3f37a12,sample002_4e908fd2
978,sample003_627b76ff,sample073_a3f37a12
979,sample004_a72e2802,sample073_a3f37a12
980,sample073_a3f37a12,sample005_a84d1a77
981,sample006_fe39613e,sample073_a3f37a12
982,sample007_6d0d70d7,sample073_a3f37a12
983,sample008_056930c5,sample073_a3f37a12
984,sample009_36a064d0,sample073_a3f37a12
985,sample010_86c5159a,sample073_a3f37a12
986,sample074_0d740677,sample001_3c29c5ba
987,sample002_4e908fd2,sample074_0d740677
988,sample003_627b76ff,sample074_0d740677
989,sample074_0d740677,sample004_a72e2802
990,sample005_a84d1a77,sample074_0d740677
991,sample006_fe39613e,sample074_0d740677
992,sample074_0d740677,sample007_6d0d70d7
993,sample008_056930c5,sample074_0d740677
994,sample074_0d740677,sample009_36a064d0
995,sample074_0d740677,sample010_86c5159a
996,sample001_3c29c5ba,sample075_4764b9a3
997,sample075_4764b9a3,sample002_4e908fd2
998,sample075_4764b9a3,sample003_627b76ff
999,sample075_4764b9a3,sample004_a72e2802
1000,sample075_4764b9a3,sample005_a84d1a77
1001,sample006_fe39613e,sample075_4764b9a3
1002,sample075_4764b9a3,sample007_6d0d70d7
1003,sample008_056930c5,sample075_4764b9a3
1004,sample075_4764b9a3,sample009_36a064d0
1005,sample075_4764b9a3,sample010_86c5159a
1006,sample001_3c29c5ba,sample076_2a6025df
1007,sample076_2a6025df,sample002_4e908fd2
1008,sample076_2a6025df,sample003_627b76ff
1009,sample004_a72e2802,sample076_2a6025df
1010,sample076_2a6025df,sample005_a84d1a77
1011,sample006_fe39613e,sample076_2a6025df
1012,sample007_6d0d70d7,sample076_2a6025df
1013,sample008_056930c5,sample076_2a6025df
1014,sample076_2a6025df,sample009_36a064d0
1015,sample010_86c5159a,sample076_2a6025df
1016,sample077_0b68117f,sample001_3c29c5ba
1017,sample077_0b68117f,sample002_4e908fd2
1018,sample077_0b68117f,sample003_627b76ff
1019,sample004_a72e2802,sample077_0b68117f
1020,sample005_a84d1a77,sample077_0b68117f
1021,sample006_fe39613e,sample077_0b68117f
1022,sample007_6d0d70d7,sample077_0b68117f
1023,sample008_056930c5,sample077_0b68117f
1024,sample009_36a064d0,sample077_0b68117f
1025,sample077_0b68117f,sample010_86c5159a
1026,sample078_5b8ec916,sample001_3c29c5ba
1027,sample002_4e908fd2,sample078_5b8ec916
1028,sample078_5b8ec916,sample003_627b76ff
1029,sample078_5b8ec916,sample004_a72e2802
1030,sample005_a84d1a77,sample078_5b8ec916
1031,sample078_5b8ec916,sample006_fe39613e
1032,sample078_5b8ec916,sample007_6d0d70d7
1033,sample008_056930c5,sample078_5b8ec916
1034,sample009_36a064d0,sample078_5b8ec916
1035,sample010_86c5159a,sample078_5b8ec916
1036,sample001_3c29c5ba,sample079_906be0f9
1037,sample002_4e908fd2,sample079_906be0f9
1038,sample003_627b76ff,sample079_906be0f9
1039,sample079_906be0f9,sample004_a72e2802
1040,sample079_906be0f9,sample005_a84d1a77
1041,sample006_fe39613e,sample079_906be0f9
1042,sample079_906be0f9,sample007_6d0d70d7
1043,sample079_906be0f9,sample008_056930c5
1044,sample079_906be0f9,sample009_36a064d0
1045,sample010_86c5159a,sample079_906be0f9
1046,sample001_3c29c5ba,sample080_20eca9e0
1047,sample002_4e908fd2,sample080_20eca9e0
1048,sample003_627b76ff,sample080_20eca9e0
1049,sample004_a72e2802,sample080_20eca9e0
1050,sample080_20eca9e0,sample005_a84d1a77
1051,sample006_fe39613e,sample080_20eca9e0
1052,sample007_6d0d70d7,sample080_20eca9e0
1053,sample080_20eca9e0,sample008_056930c5
1054,sample080_20eca9e0,sample009_36a064d0
1055,sample080_20eca9e0,sample010_86c5159a
1056,sample001_3c29c5ba,sample081_44c869d5
1057,sample002_4e908fd2,sample081_44c869d5
1058,sample081_44c869d5,sample003_627b76ff
1059,sample004_a72e2802,sample081_44c869d5
1060,sample005_a84d1a77,sample081_44c869d5
1061,sample006_fe39613e,sample081_44c869d5
1062,sample007_6d0d70d7,sample081_44c869d5
1063,sample008_056930c5,sample081_44c869d5
1064,sample009_36a064d0,sample081_44c869d5
1065,sample081_44c869d5,sample010_86c5159a
1066,sample001_3c29c5ba,sample082_1b5867e7
1067,sample002_4e908fd2,sample082_1b5867e7
1068,sample082_1b5867e7,sample003_627b76ff
1069,sample004_a72e2802,sample082_1b5867e7
1070,sample082_1b5867e7,sample005_a84d1a77
1071,sample082_1b5867e7,sample006_fe39613e
1072,sample007_6d0d70d7,sample082_1b5867e7
1073,sample082_1b5867e7,sample008_056930c5
1074,sample082_1b5867e7,sample009_36a064d0
1075,sample010_86c5159a,sample082_1b5867e7
1076,sample083_f5ef4dc7,sample001_3c29c5ba
1077,sample002_4e908fd2,sample083_f5ef4dc7
1078,sample003_627b76ff,sample083_f5ef4dc7
1079,sample083_f5ef4dc7,sample004_a72e2802
1080,sample083_f5ef4dc7,sample005_a84d1a77
1081,sample083_f5ef4dc7,sample006_fe39613e
1082,sample007_6d0d70d7,sample083_f5ef4dc7
1083,sample008_056930c5,sample083_f5ef4dc7
1084,sample009_36a064d0,sample083_f5ef4dc7
1085,sample010_86c5159a,sample083_f5ef4dc7
1086,sample084_c70d4e6b,sample001_3c29c5ba
1087,sample084_c70d4e6b,sample002_4e908fd2
1088,sample003_627b76ff,sample084_c70d4e6b
1089,sample004_a72e2802,sample084_c70d4e6b
1090,sample084_c70d4e6b,sample005_a84d1a77
1091,sample084_c70d4e6b,sample006_fe39613e
1092,sample084_c70d4e6b,sample007_6d0d70d7
1093,sample008_056930c5,sample084_c70d4e6b
1094,sample009_36a064d0,sample084_c70d4e6b
1095,sample084_c70d4e6b,sample010_86c5159a
1096,sample001_3c29c5ba,sample085_dd90578a
1097,sample085_dd90578a,sample002_4e908fd2
1098,sample003_627b76ff,sample085_dd90578a
1099,sample085_dd90578a,sample004_a72e2802
1100,sample085_dd90578a,sample005_a84d1a77
1101,sample085_dd90578a,sample006_fe39613e
1102,sample085_dd90578a,sample007_6d0d70d7
1103,sample085_dd90578a,sample008_056930c5
1104,sample085_dd90578a,sample009_36a064d0
1105,sample085_dd90578a,sample010_86c5159a
1106,sample001_3c29c5ba,sample086_fc6b25d7
1107,sample086_fc6b25d7,sample002_4e908fd2
1108,sample003_627b76ff,sample086_fc6b25d7
1109,sample004_a72e2802,sample086_fc6b25d7
1110,sample086_fc6b25d7,sample005_a84d1a77
1111,sample006_fe39613e,sample086_fc6b25d7
1112,sample086_fc6b25d7,sample007_6d0d70d7
1113,sample086_fc6b25d7,sample008_056930c5
1114,sample009_36a064d0,sample086_fc6b25d7
1115,sample086_fc6b25d7,sample010_86c5159a
1116,sample087_61baefa8,sample001_3c29c5ba
1117,sample087_61baefa8,sample002_4e908fd2
1118,sample003_627b76ff,sample087_61baefa8
1119,sample087_61baefa8,sample004_a72e2802
1120,sample087_61baefa8,sample005_a84d1a77
1121,sample087_61baefa8,sample006_fe39613e
1122,sample007_6d0d70d7,sample087_61baefa8
1123,sample008_056930c5,sample087_61baefa8
1124,sample009_36a064d0,sample087_61baefa8
1125,sample010_86c5159a,sample087_61baefa8
1126,sample088_4f85a4f9,sample001_3c29c5ba
1127,sample002_4e908fd2,sample088_4f85a4f9
1128,sample088_4f85a4f9,sample003_627b76ff
1129,sample004_a72e2802,sample088_4f85a4f9
1130,sample005_a84d1a77,sample088_4f85a4f9
1131,sample088_4f85a4f9,sample006_fe39613e
1132,sample007_6d0d70d7,sample088_4f85a4f9
1133,sample008_056930c5,sample088_4f85a4f9
1134,sample009_36a064d0,sample088_4f85a4f9
1135,sample088_4f85a4f9,sample010_86c5159a
1136,sample089_101bfe11,sample001_3c29c5ba
1137,sample089_101bfe11,sample002_4e908fd2
1138,sample089_101bfe11,sample003_627b76ff
1139,sample089_101bfe11,sample004_a72e2802
1140,sample005_a84d1a77,sample089_101bfe11
1141,sample089_101bfe11,sample006_fe39613e
1142,sample089_101bfe11,sample007_6d0d70d7
1143,sample008_056930c5,sample089_101bfe11
1144,sample009_36a064d0,sample089_101bfe11
1145,sample089_101bfe11,sample010_86c5159a
1146,sample090_e7880a98,sample001_3c29c5ba
1147,sample002_4e908fd2,sample090_e7880a98
1148,sample003_627b76ff,sample090_e7880a98
1149,sample090_e7880a98,sample004_a72e2802
1150,sample090_e7880a98,sample005_a84d1a77
1151,sample006_fe39613e,sample090_e7880a98
1152,sample007_6d0d70d7,sample090_e7880a98
1153,sample008_056930c5,sample090_e7880a98
1154,sample090_e7880a98,sample009_36a064d0
1155,sample090_e7880a98,sample010_86c5159a
1156,sample091_671e5ef1,sample001_3c29c5ba
1157,sample091_671e5ef1,sample002_4e908fd2
1158,sample091_671e5ef1,sample003_627b76ff
1159,sample091_671e5ef1,sample004_a72e2802
1160,sample005_a84d1a77,sample091_671e5ef1
1161,sample091_671e5ef1,sample006_fe39613e
1162,sample007_6d0d70d7,sample091_671e5ef1
1163,sample008_056930c5,sample091_671e5ef1
1164,sample009_36a064d0,sample091_671e5ef1
1165,sample091_671e5ef1,sample010_86c5159a
1166,sample092_7e1324ef,sample001_3c29c5ba
1167,sample002_4e908fd2,sample092_7e1324ef
1168,sample092_7e1324ef,sample004_a72e2802
1169,sample092_7e1324ef,sample005_a84d1a77
1170,sample006_fe39613e,sample092_7e1324ef
1171,sample092_7e1324ef,sample007_6d0d70d7
1172,sample008_056930c5,sample092_7e1324ef
1173,sample009_36a064d0,sample092_7e1324ef
1174,sample092_7e1324ef,sample010_86c5159a
1175,sample001_3c29c5ba,sample093_1c1b1da8
1176,sample093_1c1b1da8,sample002_4e908fd2
1177,sample093_1c1b1da8,sample003_627b76ff
1178,sample093_1c1b1da8,sample004_a72e2802
1179,sample093_1c1b1da8,sample005_a84d1a77
1180,sample093_1c1b1da8,sample006_fe39613e
1181,sample093_1c1b1da8,sample007_6d0d70d7
1182,sample093_1c1b1da8,sample008_056930c5
1183,sample009_36a064d0,sample093_1c1b1da8
1184,sample010_86c5159a,sample093_1c1b1da8
1185,sample094_6fbee84a,sample001_3c29c5ba
1186,sample094_6fbee84a,sample002_4e908fd2
1187,sample094_6fbee84a,sample003_627b76ff
1188,sample004_a72e2802,sample094_6fbee84a
1189,sample005_a84d1a77,sample094_6fbee84a
1190,sample006_fe39613e,sample094_6fbee84a
1191,sample007_6d0d70d7,sample094_6fbee84a
1192,sample094_6fbee84a,sample008_056930c5
1193,sample094_6fbee84a,sample009_36a064d0
1194,sample094_6fbee84a,sample010_86c5159a
1195,sample095_039a7b60,sample001_3c29c5ba
1196,sample002_4e908fd2,sample095_039a7b60
1197,sample095_039a7b60,sample003_627b76ff
1198,sample004_a72e2802,sample095_039a7b60
1199,sample095_039a7b60,sample005_a84d1a77
1200,sample095_039a7b60,sample006_fe39613e
1201,sample095_039a7b60,sample007_6d0d70d7
1202,sample008_056930c5,sample095_039a7b60
1203,sample009_36a064d0,sample095_039a7b60
1204,sample010_86c5159a,sample095_039a7b60
1205,sample096_11e92880,sample001_3c29c5ba
1206,sample002_4e908fd2,sample096_11e92880
1207,sample003_627b76ff,sample096_11e92880
1208,sample004_a72e2802,sample096_11e92880
1209,sample005_a84d1a77,sample096_11e92880
1210,sample096_11e92880,sample006_fe39613e
1211,sample007_6d0d70d7,sample096_11e92880
1212,sample096_11e92880,sample008_056930c5
1213,sample009_36a064d0,sample096_11e92880
1214,sample010_86c5159a,sample096_11e92880
1215,sample001_3c29c5ba,sample097_0a02c41a
1216,sample097_0a02c41a,sample002_4e908fd2
1217,sample003_627b76ff,sample097_0a02c41a
1218,sample097_0a02c41a,sample004_a72e2802
1219,sample005_a84d1a77,sample097_0a02c41a
1220,sample097_0a02c41a,sample006_fe39613e
1221,sample007_6d0d70d7,sample097_0a02c41a
1222,sample008_056930c5,sample097_0a02c41a
1223,sample009_36a064d0,sample097_0a02c41a
1224,sample097_0a02c41a,sample010_86c5159a
1225,sample098_f5a9d2bc,sample001_3c29c5ba
1226,sample098_f5a9d2bc,sample002_4e908fd2
1227,sample003_627b76ff,sample098_f5a9d2bc
1228,sample098_f5a9d2bc,sample004_a72e2802
1229,sample005_a84d1a77,sample098_f5a9d2bc
1230,sample098_f5a9d2bc,sample006_fe39613e
1231,sample007_6d0d70d7,sample098_f5a9d2bc
1232,sample098_f5a9d2bc,sample008_056930c5
1233,sample009_36a064d0,sample098_f5a9d2bc
1234,sample098_f5a9d2bc,sample010_86c5159a
1235,sample001_3c29c5ba,sample099_122a179d
1236,sample099_122a179d,sample002_4e908fd2
1237,sample003_627b76ff,sample099_122a179d
1238,sample099_122a179d,sample004_a72e2802
1239,sample099_122a179d,sample005_a84d1a77
1240,sample006_fe39613e,sample099_122a179d
1241,sample099_122a179d,sample007_6d0d70d7
1242,sample008_056930c5,sample099_122a179d
1243,sample009_36a064d0,sample099_122a179d
1244,sample099_122a179d,sample010_86c5159a
1245,sample001_3c29c5ba,sample100_7eeb677c
1246,sample002_4e908fd2,sample100_7eeb677c
1247,sample100_7eeb677c,sample003_627b76ff
1248,sample004_a72e2802,sample100_7eeb677c
1249,sample100_7eeb677c,sample005_a84d1a77
1250,sample006_fe39613e,sample100_7eeb677c
1251,sample100_7eeb677c,sample007_6d0d70d7
1252,sample008_056930c5,sample100_7eeb677c
1253,sample100_7eeb677c,sample009_36a064d0
1254,sample100_7eeb677c,sample010_86c5159a
1255,sample001_3c29c5ba,sample101_fae0484f
1256,sample002_4e908fd2,sample101_fae0484f
1257,sample003_627b76ff,sample101_fae0484f
1258,sample004_a72e2802,sample101_fae0484f
1259,sample101_fae0484f,sample005_a84d1a77
1260,sample006_fe39613e,sample101_fae0484f
1261,sample007_6d0d70d7,sample101_fae0484f
1262,sample101_fae0484f,sample008_056930c5
1263,sample009_36a064d0,sample101_fae0484f
1264,sample010_86c5159a,sample101_fae0484f
1265,sample001_3c29c5ba,sample102_436dc55f
1266,sample102_436dc55f,sample002_4e908fd2
1267,sample003_627b76ff,sample102_436dc55f
1268,sample102_436dc55f,sample004_a72e2802
1269,sample102_436dc55f,sample005_a84d1a77
1270,sample006_fe39613e,sample102_436dc55f
1271,sample102_436dc55f,sample007_6d0d70d7
1272,sample008_056930c5,sample102_436dc55f
1273,sample102_436dc55f,sample009_36a064d0
1274,sample010_86c5159a,sample102_436dc55f
1275,sample001_3c29c5ba,sample103_540aea48
1276,sample103_540aea48,sample002_4e908fd2
1277,sample103_540aea48,sample003_627b76ff
1278,sample103_540aea48,sample004_a72e2802
1279,sample005_a84d1a77,sample103_540aea48
1280,sample007_6d0d70d7,sample103_540aea48
1281,sample008_056930c5,sample103_540aea48
1282,sample103_540aea48,sample009_36a064d0
1283,sample103_540aea48,sample010_86c5159a
1284,sample104_e61bf93a,sample001_3c29c5ba
1285,sample104_e61bf93a,sample002_4e908fd2
1286,sample003_627b76ff,sample104_e61bf93a
1287,sample004_a72e2802,sample104_e61bf93a
1288,sample005_a84d1a77,sample104_e61bf93a
1289,sample006_fe39613e,sample104_e61bf93a
1290,sample104_e61bf93a,sample007_6d0d70d7
1291,sample008_056930c5,sample104_e61bf93a
1292,sample009_36a064d0,sample104_e61bf93a
1293,sample104_e61bf93a,sample010_86c5159a
1294,sample105_f7a5e5bd,sample001_3c29c5ba
1295,sample105_f7a5e5bd,sample002_4e908fd2
1296,sample003_627b76ff,sample105_f7a5e5bd
1297,sample105_f7a5e5bd,sample004_a72e2802
1298,sample105_f7a5e5bd,sample006_fe39613e
1299,sample105_f7a5e5bd,sample007_6d0d70d7
1300,sample105_f7a5e5bd,sample008_056930c5
1301,sample105_f7a5e5bd,sample009_36a064d0
1302,sample010_86c5159a,sample105_f7a5e5bd
1303,sample106_56fd4274,sample001_3c29c5ba
1304,sample106_56fd4274,sample002_4e908fd2
1305,sample106_56fd4274,sample003_627b76ff
1306,sample106_56fd4274,sample004_a72e2802
1307,sample106_56fd4274,sample005_a84d1a77
1308,sample006_fe39613e,sample106_56fd4274
1309,sample007_6d0d70d7,sample106_56fd4274
1310,sample008_056930c5,sample106_56fd4274
1311,sample009_36a064d0,sample106_56fd4274
1312,sample106_56fd4274,sample010_86c5159a
1313,sample107_a38717d4,sample001_3c29c5ba
1314,sample002_4e908fd2,sample107_a38717d4
1315,sample107_a38717d4,sample003_627b76ff
1316,sample004_a72e2802,sample107_a38717d4
1317,sample107_a38717d4,sample005_a84d1a77
1318,sample006_fe39613e,sample107_a38717d4
1319,sample007_6d0d70d7,sample107_a38717d4
1320,sample107_a38717d4,sample008_056930c5
1321,sample107_a38717d4,sample009_36a064d0
1322,sample010_86c5159a,sample107_a38717d4
1323,sample001_3c29c5ba,sample108_d2b794a9
1324,sample108_d2b794a9,sample002_4e908fd2
1325,sample108_d2b794a9,sample003_627b76ff
1326,sample108_d2b794a9,sample004_a72e2802
1327,sample006_fe39613e,sample108_d2b794a9
1328,sample007_6d0d70d7,sample108_d2b794a9
1329,sample108_d2b794a9,sample008_056930c5
1330,sample108_d2b794a9,sample009_36a064d0
1331,sample108_d2b794a9,sample010_86c5159a
1332,sample109_2f2d8c0a,sample001_3c29c5ba
1333,sample109_2f2d8c0a,sample002_4e908fd2
1334,sample003_627b76ff,sample109_2f2d8c0a
1335,sample004_a72e2802,sample109_2f2d8c0a
1336,sample109_2f2d8c0a,sample005_a84d1a77
1337,sample006_fe39613e,sample109_2f2d8c0a
1338,sample109_2f2d8c0a,sample007_6d0d70d7
1339,sample008_056930c5,sample109_2f2d8c0a
1340,sample109_2f2d8c0a,sample009_36a064d0
1341,sample109_2f2d8c0a,sample010_86c5159a
1342,sample001_3c29c5ba,sample110_8e91af50
1343,sample002_4e908fd2,sample110_8e91af50
1344,sample003_627b76ff,sample110_8e91af50
1345,sample110_8e91af50,sample004_a72e2802
1346,sample110_8e91af50,sample005_a84d1a77
1347,sample110_8e91af50,sample006_fe39613e
1348,sample007_6d0d70d7,sample110_8e91af50
1349,sample110_8e91af50,sample008_056930c5
1350,sample009_36a064d0,sample110_8e91af50
1351,sample010_86c5159a,sample110_8e91af50
1352,sample111_4737c4d2,sample001_3c29c5ba
1353,sample002_4e908fd2,sample111_4737c4d2
1354,sample111_4737c4d2,sample003_627b76ff
1355,sample111_4737c4d2,sample004_a72e2802
1356,sample005_a84d1a77,sample111_4737c4d2
1357,sample111_4737c4d2,sample006_fe39613e
1358,sample007_6d0d70d7,sample111_4737c4d2
1359,sample111_4737c4d2,sample008_056930c5
1360,sample111_4737c4d2,sample009_36a064d0
1361,sample111_4737c4d2,sample010_86c5159a
1362,sample001_3c29c5ba,sample112_44add070
1363,sample112_44add070,sample002_4e908fd2
1364,sample112_44add070,sample003_627b76ff
1365,sample004_a72e2802,sample112_44add070
1366,sample112_44add070,sample005_a84d1a77
1367,sample112_44add070,sample006_fe39613e
1368,sample007_6d0d70d7,sample112_44add070
1369,sample112_44add070,sample008_056930c5
1370,sample112_44add070,sample009_36a064d0
1371,sample010_86c5159a,sample112_44add070
1372,sample001_3c29c5ba,sample113_8ada680d
1373,sample113_8ada680d,sample002_4e908fd2
1374,sample003_627b76ff,sample113_8ada680d
1375,sample113_8ada680d,sample004_a72e2802
1376,sample113_8ada680d,sample005_a84d1a77
1377,sample006_fe39613e,sample113_8ada680d
1378,sample007_6d0d70d7,sample113_8ada680d
1379,sample008_056930c5,sample113_8ada680d
1380,sample009_36a064d0,sample113_8ada680d
1381,sample113_8ada680d,sample010_86c5159a
1382,sample114_fdb345bb,sample001_3c29c5ba
1383,sample114_fdb345bb,sample002_4e908fd2
1384,sample003_627b76ff,sample114_fdb345bb
1385,sample114_fdb345bb,sample004_a72e2802
1386,sample114_fdb345bb,sample005_a84d1a77
1387,sample114_fdb345bb,sample006_fe39613e
1388,sample114_fdb345bb,sample007_6d0d70d7
1389,sample008_056930c5,sample114_fdb345bb
1390,sample009_36a064d0,sample114_fdb345bb
1391,sample114_fdb345bb,sample010_86c5159a
1392,sample115_2bd91ef1,sample001_3c29c5ba
1393,sample002_4e908fd2,sample115_2bd91ef1
1394,sample115_2bd91ef1,sample003_627b76ff
1395,sample115_2bd91ef1,sample004_a72e2802
1396,sample115_2bd91ef1,sample005_a84d1a77
1397,sample115_2bd91ef1,sample006_fe39613e
1398,sample115_2bd91ef1,sample007_6d0d70d7
1399,sample115_2bd91ef1,sample008_056930c5
1400,sample009_36a064d0,sample115_2bd91ef1
1401,sample115_2bd91ef1,sample010_86c5159a
1402,sample116_e242d5ac,sample001_3c29c5ba
1403,sample116_e242d5ac,sample002_4e908fd2
1404,sample003_627b76ff,sample116_e242d5ac
1405,sample004_a72e2802,sample116_e242d5ac
1406,sample116_e242d5ac,sample005_a84d1a77
1407,sample006_fe39613e,sample116_e242d5ac
1408,sample007_6d0d70d7,sample116_e242d5ac
1409,sample008_056930c5,sample116_e242d5ac
1410,sample009_36a064d0,sample116_e242d5ac
1411,sample010_86c5159a,sample116_e242d5ac
1412,sample117_4997d25a,sample001_3c29c5ba
1413,sample117_4997d25a,sample002_4e908fd2
1414,sample117_4997d25a,sample003_627b76ff
1415,sample117_4997d25a,sample004_a72e2802
1416,sample005_a84d1a77,sample117_4997d25a
1417,sample006_fe39613e,sample117_4997d25a
1418,sample117_4997d25a,sample007_6d0d70d7
1419,sample117_4997d25a,sample008_056930c5
1420,sample117_4997d25a,sample009_36a064d0
1421,sample117_4997d25a,sample010_86c5159a
1422,sample118_96a1642f,sample001_3c29c5ba
1423,sample118_96a1642f,sample002_4e908fd2
1424,sample118_96a1642f,sample003_627b76ff
1425,sample118_96a1642f,sample004_a72e2802
1426,sample005_a84d1a77,sample118_96a1642f
1427,sample006_fe39613e,sample118_96a1642f
1428,sample007_6d0d70d7,sample118_96a1642f
1429,sample118_96a1642f,sample008_056930c5
1430,sample118_96a1642f,sample009_36a064d0
1431,sample010_86c5159a,sample118_96a1642f
1432,sample001_3c29c5ba,sample119_a4f7dd43
1433,sample119_a4f7dd43,sample002_4e908fd2
1434,sample003_627b76ff,sample119_a4f7dd43
1435,sample119_a4f7dd43,sample004_a72e2802
1436,sample119_a4f7dd43,sample005_a84d1a77
1437,sample119_a4f7dd43,sample006_fe39613e
1438,sample119_a4f7dd43,sample007_6d0d70d7
1439,sample008_056930c5,sample119_a4f7dd43
1440,sample009_36a064d0,sample119_a4f7dd43
1441,sample010_86c5159a,sample119_a4f7dd43
1442,sample001_3c29c5ba,sample120_df4b6c69
1443,sample120_df4b6c69,sample002_4e908fd2
1444,sample003_627b76ff,sample120_df4b6c69
1445,sample120_df4b6c69,sample004_a72e2802
1446,sample120_df4b6c69,sample005_a84d1a77
1447,sample120_df4b6c69,sample006_fe39613e
1448,sample007_6d0d70d7,sample120_df4b6c69
1449,sample008_056930c5,sample120_df4b6c69
1450,sample009_36a064d0,sample120_df4b6c69
1451,sample010_86c5159a,sample120_df4b6c69
1452,sample121_76bcb529,sample001_3c29c5ba
1453,sample121_76bcb529,sample002_4e908fd2
1454,sample121_76bcb529,sample003_627b76ff
1455,sample004_a72e2802,sample121_76bcb529
1456,sample121_76bcb529,sample005_a84d1a77
1457,sample006_fe39613e,sample121_76bcb529
1458,sample121_76bcb529,sample007_6d0d70d7
1459,sample008_056930c5,sample121_76bcb529
1460,sample009_36a064d0,sample121_76bcb529
1461,sample121_76bcb529,sample010_86c5159a
1462,sample122_e1166b1d,sample001_3c29c5ba
1463,sample122_e1166b1d,sample002_4e908fd2
1464,sample122_e1166b1d,sample003_627b76ff
1465,sample122_e1166b1d,sample004_a72e2802
1466,sample122_e1166b1d,sample005_a84d1a77
1467,sample122_e1166b1d,sample006_fe39613e
1468,sample007_6d0d70d7,sample122_e1166b1d
1469,sample122_e1166b1d,sample008_056930c5
1470,sample122_e1166b1d,sample009_36a064d0
1471,sample122_e1166b1d,sample010_86c5159a
1472,sample001_3c29c5ba,sample123_fc41e8f2
1473,sample002_4e908fd2,sample123_fc41e8f2
1474,sample003_627b76ff,sample123_fc41e8f2
1475,sample004_a72e2802,sample123_fc41e8f2
1476,sample005_a84d1a77,sample123_fc41e8f2
1477,sample006_fe39613e,sample123_fc41e8f2
1478,sample123_fc41e8f2,sample007_6d0d70d7
1479,sample008_056930c5,sample123_fc41e8f2
1480,sample009_36a064d0,sample123_fc41e8f2
1481,sample010_86c5159a,sample123_fc41e8f2
1482,sample124_3f5d1a8c,sample001_3c29c5ba
1483,sample002_4e908fd2,sample124_3f5d1a8c
1484,sample003_627b76ff,sample124_3f5d1a8c
1485,sample004_a72e2802,sample124_3f5d1a8c
1486,sample124_3f5d1a8c,sample005_a84d1a77
1487,sample124_3f5d1a8c,sample006_fe39613e
1488,sample124_3f5d1a8c,sample007_6d0d70d7
1489,sample124_3f5d1a8c,sample008_056930c5
1490,sample009_36a064d0,sample124_3f5d1a8c
1491,sample124_3f5d1a8c,sample010_86c5159a
1492,sample125_1b5a54f4,sample001_3c29c5ba
1493,sample002_4e908fd2,sample125_1b5a54f4
1494,sample003_627b76ff,sample125_1b5a54f4
1495,sample125_1b5a54f4,sample004_a72e2802
1496,sample005_a84d1a77,sample125_1b5a54f4
1497,sample125_1b5a54f4,sample006_fe39613e
1498,sample125_1b5a54f4,sample007_6d0d70d7
1499,sample125_1b5a54f4,sample008_056930c5
1500,sample125_1b5a54f4,sample009_36a064d0
1501,sample125_1b5a54f4,sample010_86c5159a
1502,sample001_3c29c5ba,sample126_ff7c90d7
1503,sample002_4e908fd2,sample126_ff7c90d7
1504,sample003_627b76ff,sample126_ff7c90d7
1505,sample126_ff7c90d7,sample004_a72e2802
1506,sample126_ff7c90d7,sample005_a84d1a77
1507,sample006_fe39613e,sample126_ff7c90d7
1508,sample007_6d0d70d7,sample126_ff7c90d7
1509,sample008_056930c5,sample126_ff7c90d7
1510,sample009_36a064d0,sample126_ff7c90d7
1511,sample126_ff7c90d7,sample010_86c5159a
1512,sample127_7d7b8f84,sample001_3c29c5ba
1513,sample127_7d7b8f84,sample002_4e908fd2
1514,sample127_7d7b8f84,sample003_627b76ff
1515,sample127_7d7b8f84,sample004_a72e2802
1516,sample005_a84d1a77,sample127_7d7b8f84
1517,sample127_7d7b8f84,sample006_fe39613e
1518,sample007_6d0d70d7,sample127_7d7b8f84
1519,sample008_056930c5,sample127_7d7b8f84
1520,sample009_36a064d0,sample127_7d7b8f84
1521,sample010_86c5159a,sample127_7d7b8f84
1522,sample128_3857eff1,sample001_3c29c5ba
1523,sample128_3857eff1,sample002_4e908fd2
1524,sample128_3857eff1,sample003_627b76ff
1525,sample128_3857eff1,sample004_a72e2802
1526,sample128_3857eff1,sample005_a84d1a77
1527,sample128_3857eff1,sample006_fe39613e
1528,sample007_6d0d70d7,sample128_3857eff1
1529,sample128_3857eff1,sample008_056930c5
1530,sample128_3857eff1,sample009_36a064d0
1531,sample010_86c5159a,sample128_3857eff1
1532,sample001_3c29c5ba,sample129_f22c6f56
1533,sample002_4e908fd2,sample129_f22c6f56
1534,sample129_f22c6f56,sample003_627b76ff
1535,sample129_f22c6f56,sample004_a72e2802
1536,sample005_a84d1a77,sample129_f22c6f56
1537,sample006_fe39613e,sample129_f22c6f56
1538,sample007_6d0d70d7,sample129_f22c6f56
1539,sample008_056930c5,sample129_f22c6f56
1540,sample129_f22c6f56,sample009_36a064d0
1541,sample010_86c5159a,sample129_f22c6f56
1542,sample001_3c29c5ba,sample130_ed256ee8
1543,sample130_ed256ee8,sample002_4e908fd2
1544,sample003_627b76ff,sample130_ed256ee8
1545,sample004_a72e2802,sample130_ed256ee8
1546,sample130_ed256ee8,sample005_a84d1a77
1547,sample130_ed256ee8,sample006_fe39613e
1548,sample007_6d0d70d7,sample130_ed256ee8
1549,sample130_ed256ee8,sample008_056930c5
1550,sample009_36a064d0,sample130_ed256ee8
1551,sample010_86c5159a,sample130_ed256ee8
1552,sample001_3c29c5ba,sample131_26551668
1553,sample131_26551668,sample002_4e908fd2
1554,sample003_627b76ff,sample131_26551668
1555,sample004_a72e2802,sample131_26551668
1556,sample005_a84d1a77,sample131_26551668
1557,sample131_26551668,sample006_fe39613e
1558,sample131_26551668,sample007_6d0d70d7
1559,sample008_056930c5,sample131_26551668
1560,sample131_26551668,sample009_36a064d0
1561,sample010_86c5159a,sample131_26551668
1562,sample132_f2c32289,sample001_3c29c5ba
1563,sample002_4e908fd2,sample132_f2c32289
1564,sample132_f2c32289,sample003_627b76ff
1565,sample132_f2c32289,sample004_a72e2802
1566,sample005_a84d1a77,sample132_f2c32289
1567,sample006_fe39613e,sample132_f2c32289
1568,sample007_6d0d70d7,sample132_f2c32289
1569,sample132_f2c32289,sample008_056930c5
1570,sample132_f2c32289,sample009_36a064d0
1571,sample132_f2c32289,sample010_86c5159a
1572,sample133_a07c1913,sample001_3c29c5ba
1573,sample002_4e908fd2,sample133_a07c1913
1574,sample133_a07c1913,sample003_627b76ff
1575,sample004_a72e2802,sample133_a07c1913
1576,sample005_a84d1a77,sample133_a07c1913
1577,sample006_fe39613e,sample133_a07c1913
1578,sample133_a07c1913,sample007_6d0d70d7
1579,sample008_056930c5,sample133_a07c1913
1580,sample133_a07c1913,sample009_36a064d0
1581,sample010_86c5159a,sample133_a07c1913
1582,sample134_0b972e44,sample001_3c29c5ba
1583,sample134_0b972e44,sample002_4e908fd2
1584,sample003_627b76ff,sample134_0b972e44
1585,sample134_0b972e44,sample004_a72e2802
1586,sample005_a84d1a77,sample134_0b972e44
1587,sample006_fe39613e,sample134_0b972e44
1588,sample134_0b972e44,sample007_6d0d70d7
1589,sample008_056930c5,sample134_0b972e44
1590,sample009_36a064d0,sample134_0b972e44
1591,sample010_86c5159a,sample134_0b972e44
1592,sample135_743c9b1f,sample001_3c29c5ba
1593,sample002_4e908fd2,sample135_743c9b1f
1594,sample135_743c9b1f,sample003_627b76ff
1595,sample004_a72e2802,sample135_743c9b1f
1596,sample005_a84d1a77,sample135_743c9b1f
1597,sample006_fe39613e,sample135_743c9b1f
1598,sample007_6d0d70d7,sample135_743c9b1f
1599,sample008_056930c5,sample135_743c9b1f
1600,sample135_743c9b1f,sample009_36a064d0
1601,sample135_743c9b1f,sample010_86c5159a
1602,sample136_390f0707,sample001_3c29c5ba
1603,sample136_390f0707,sample002_4e908fd2
1604,sample136_390f0707,sample003_627b76ff
1605,sample136_390f0707,sample004_a72e2802
1606,sample005_a84d1a77,sample136_390f0707
1607,sample136_390f0707,sample006_fe39613e
1608,sample136_390f0707,sample008_056930c5
1609,sample009_36a064d0,sample136_390f0707
1610,sample136_390f0707,sample010_86c5159a
1611,sample001_3c29c5ba,sample137_f533bb44
1612,sample137_f533bb44,sample002_4e908fd2
1613,sample137_f533bb44,sample003_627b76ff
1614,sample137_f533bb44,sample004_a72e2802
1615,sample005_a84d1a77,sample137_f533bb44
1616,sample006_fe39613e,sample137_f533bb44
1617,sample137_f533bb44,sample007_6d0d70d7
1618,sample008_056930c5,sample137_f533bb44
1619,sample009_36a064d0,sample137_f533bb44
1620,sample137_f533bb44,sample010_86c5159a
1621,sample138_f46547e5,sample001_3c29c5ba
1622,sample138_f46547e5,sample002_4e908fd2
1623,sample003_627b76ff,sample138_f46547e5
1624,sample138_f46547e5,sample004_a72e2802
1625,sample005_a84d1a77,sample138_f46547e5
1626,sample006_fe39613e,sample138_f46547e5
1627,sample138_f46547e5,sample007_6d0d70d7
1628,sample138_f46547e5,sample008_056930c5
1629,sample009_36a064d0,sample138_f46547e5
1630,sample138_f46547e5,sample010_86c5159a
1631,sample139_6badff7b,sample001_3c29c5ba
1632,sample139_6badff7b,sample002_4e908fd2
1633,sample003_627b76ff,sample139_6badff7b
1634,sample139_6badff7b,sample005_a84d1a77
1635,sample139_6badff7b,sample006_fe39613e
1636,sample139_6badff7b,sample007_6d0d70d7
1637,sample139_6badff7b,sample008_056930c5
1638,sample009_36a064d0,sample139_6badff7b
1639,sample139_6badff7b,sample010_86c5159a
1640,sample001_3c29c5ba,sample140_9355c8d3
1641,sample002_4e908fd2,sample140_9355c8d3
1642,sample140_9355c8d3,sample003_627b76ff
1643,sample004_a72e2802,sample140_9355c8d3
1644,sample140_9355c8d3,sample005_a84d1a77
1645,sample006_fe39613e,sample140_9355c8d3
1646,sample140_9355c8d3,sample007_6d0d70d7
1647,sample008_056930c5,sample140_9355c8d3
1648,sample140_9355c8d3,sample009_36a064d0
1649,sample140_9355c8d3,sample010_86c5159a
1650,sample141_8b2cf3b6,sample001_3c29c5ba
1651,sample141_8b2cf3b6,sample002_4e908fd2
1652,sample003_627b76ff,sample141_8b2cf3b6
1653,sample004_a72e2802,sample141_8b2cf3b6
1654,sample141_8b2cf3b6,sample005_a84d1a77
1655,sample006_fe39613e,sample141_8b2cf3b6
1656,sample141_8b2cf3b6,sample007_6d0d70d7
1657,sample141_8b2cf3b6,sample008_056930c5
1658,sample009_36a064d0,sample141_8b2cf3b6
1659,sample010_86c5159a,sample141_8b2cf3b6
1660,sample001_3c29c5ba,sample142_1985425c
1661,sample002_4e908fd2,sample142_1985425c
1662,sample003_627b76ff,sample142_1985425c
1663,sample004_a72e2802,sample142_1985425c
1664,sample005_a84d1a77,sample142_1985425c
1665,sample006_fe39613e,sample142_1985425c
1666,sample142_1985425c,sample007_6d0d70d7
1667,sample008_056930c5,sample142_1985425c
1668,sample009_36a064d0,sample142_1985425c
1669,sample142_1985425c,sample010_86c5159a
1670,sample143_caa0315c,sample001_3c29c5ba
1671,sample002_4e908fd2,sample143_caa0315c
1672,sample143_caa0315c,sample003_627b76ff
1673,sample004_a72e2802,sample143_caa0315c
1674,sample143_caa0315c,sample005_a84d1a77
1675,sample006_fe39613e,sample143_caa0315c
1676,sample007_6d0d70d7,sample143_caa0315c
1677,sample008_056930c5,sample143_caa0315c
1678,sample143_caa0315c,sample009_36a064d0
1679,sample010_86c5159a,sample143_caa0315c
1680,sample144_29c8262d,sample001_3c29c5ba
1681,sample002_4e908fd2,sample144_29c8262d
1682,sample003_627b76ff,sample144_29c8262d
1683,sample144_29c8262d,sample004_a72e2802
1684,sample005_a84d1a77,sample144_29c8262d
1685,sample144_29c8262d,sample006_fe39613e
1686,sample144_29c8262d,sample007_6d0d70d7
1687,sample144_29c8262d,sample008_056930c5
1688,sample009_36a064d0,sample144_29c8262d
1689,sample144_29c8262d,sample010_86c5159a
1690,sample145_685d512c,sample001_3c29c5ba
1691,sample002_4e908fd2,sample145_685d512c
1692,sample003_627b76ff,sample145_685d512c
1693,sample145_685d512c,sample004_a72e2802
1694,sample005_a84d1a77,sample145_685d512c
1695,sample006_fe39613e,sample145_685d512c
1696,sample145_685d512c,sample007_6d0d70d7
1697,sample009_36a064d0,sample145_685d512c
1698,sample145_685d512c,sample010_86c5159a
1699,sample001_3c29c5ba,sample146_36e0a56d
1700,sample146_36e0a56d,sample002_4e908fd2
1701,sample146_36e0a56d,sample003_627b76ff
1702,sample004_a72e2802,sample146_36e0a56d
1703,sample146_36e0a56d,sample005_a84d1a77
1704,sample146_36e0a56d,sample006_fe39613e
1705,sample146_36e0a56d,sample007_6d0d70d7
1706,sample008_056930c5,sample146_36e0a56d
1707,sample009_36a064d0,sample146_36e0a56d
1708,sample146_36e0a56d,sample010_86c5159a
1709,sample147_b31be30b,sample001_3c29c5ba
1710,sample147_b31be30b,sample002_4e908fd2
1711,sample147_b31be30b,sample003_627b76ff
1712,sample147_b31be30b,sample004_a72e2802
1713,sample005_a84d1a77,sample147_b31be30b
1714,sample147_b31be30b,sample006_fe39613e
1715,sample147_b31be30b,sample007_6d0d70d7
1716,sample147_b31be30b,sample008_056930c5
1717,sample009_36a064d0,sample147_b31be30b
1718,sample010_86c5159a,sample147_b31be30b
1719,sample001_3c29c5ba,sample148_b944223f
1720,sample002_4e908fd2,sample148_b944223f
1721,sample003_627b76ff,sample148_b944223f
1722,sample004_a72e2802,sample148_b944223f
1723,sample148_b944223f,sample005_a84d1a77
1724,sample148_b944223f,sample006_fe39613e
1725,sample148_b944223f,sample007_6d0d70d7
1726,sample148_b944223f,sample008_056930c5
1727,sample009_36a064d0,sample148_b944223f
1728,sample010_86c5159a,sample148_b944223f
1729,sample001_3c29c5ba,sample149_46f6fc34
1730,sample149_46f6fc34,sample002_4e908fd2
1731,sample149_46f6fc34,sample003_627b76ff
1732,sample149_46f6fc34,sample004_a72e2802
1733,sample149_46f6fc34,sample005_a84d1a77
1734,sample149_46f6fc34,sample006_fe39613e
1735,sample007_6d0d70d7,sample149_46f6fc34
1736,sample149_46f6fc34,sample008_056930c5
1737,sample149_46f6fc34,sample009_36a064d0
1738,sample149_46f6fc34,sample010_86c5159a
1739,sample150_0515f210,sample001_3c29c5ba
1740,sample150_0515f210,sample002_4e908fd2
1741,sample003_627b76ff,sample150_0515f210
1742,sample150_0515f210,sample004_a72e2802
1743,sample150_0515f210,sample005_a84d1a77
1744,sample006_fe39613e,sample150_0515f210
1745,sample150_0515f210,sample007_6d0d70d7
1746,sample150_0515f210,sample008_056930c5
1747,sample150_0515f210,sample009_36a064d0
1748,sample150_0515f210,sample010_86c5159a
1749,sample151_0c634082,sample001_3c29c5ba
1750,sample151_0c634082,sample002_4e908fd2
1751,sample151_0c634082,sample003_627b76ff
1752,sample004_a72e2802,sample151_0c634082
1753,sample005_a84d1a77,sample151_0c634082
1754,sample151_0c634082,sample006_fe39613e
1755,sample007_6d0d70d7,sample151_0c634082
1756,sample151_0c634082,sample008_056930c5
1757,sample151_0c634082,sample009_36a064d0
1758,sample151_0c634082,sample010_86c5159a
1759,sample152_2c7a9e21,sample001_3c29c5ba
1760,sample152_2c7a9e21,sample002_4e908fd2
1761,sample152_2c7a9e21,sample003_627b76ff
1762,sample152_2c7a9e21,sample004_a72e2802
1763,sample005_a84d1a77,sample152_2c7a9e21
1764,sample152_2c7a9e21,sample006_fe39613e
1765,sample152_2c7a9e21,sample007_6d0d70d7
1766,sample152_2c7a9e21,sample008_056930c5
1767,sample152_2c7a9e21,sample009_36a064d0
1768,sample152_2c7a9e21,sample010_86c5159a
1769,sample001_3c29c5ba,sample153_285b89ed
1770,sample002_4e908fd2,sample153_285b89ed
1771,sample003_627b76ff,sample153_285b89ed
1772,sample153_285b89ed,sample004_a72e2802
1773,sample153_285b89ed,sample005_a84d1a77
1774,sample006_fe39613e,sample153_285b89ed
1775,sample007_6d0d70d7,sample153_285b89ed
1776,sample153_285b89ed,sample008_056930c5
1777,sample153_285b89ed,sample009_36a064d0
1778,sample153_285b89ed,sample010_86c5159a
1779,sample001_3c29c5ba,sample154_f1fb8e99
1780,sample154_f1fb8e99,sample002_4e908fd2
1781,sample003_627b76ff,sample154_f1fb8e99
1782,sample004_a72e2802,sample154_f1fb8e99
1783,sample005_a84d1a77,sample154_f1fb8e99
1784,sample007_6d0d70d7,sample154_f1fb8e99
1785,sample154_f1fb8e99,sample008_056930c5
1786,sample154_f1fb8e99,sample009_36a064d0
1787,sample154_f1fb8e99,sample010_86c5159a
1788,sample155_0163e391,sample001_3c29c5ba
1789,sample002_4e908fd2,sample155_0163e391
1790,sample003_627b76ff,sample155_0163e391
1791,sample004_a72e2802,sample155_0163e391
1792,sample005_a84d1a77,sample155_0163e391
1793,sample006_fe39613e,sample155_0163e391
1794,sample007_6d0d70d7,sample155_0163e391
1795,sample155_0163e391,sample008_056930c5
1796,sample155_0163e391,sample009_36a064d0
1797,sample155_0163e391,sample010_86c5159a
1798,sample001_3c29c5ba,sample156_fd7b9fa4
1799,sample002_4e908fd2,sample156_fd7b9fa4
1800,sample156_fd7b9fa4,sample003_627b76ff
1801,sample004_a72e2802,sample156_fd7b9fa4
1802,sample005_a84d1a77,sample156_fd7b9fa4
1803,sample006_fe39613e,sample156_fd7b9fa4
1804,sample156_fd7b9fa4,sample007_6d0d70d7
1805,sample008_056930c5,sample156_fd7b9fa4
1806,sample009_36a064d0,sample156_fd7b9fa4
1807,sample010_86c5159a,sample156_fd7b9fa4
1808,sample157_b1148f69,sample001_3c29c5ba
1809,sample002_4e908fd2,sample157_b1148f69
1810,sample003_627b76ff,sample157_b1148f69
1811,sample157_b1148f69,sample004_a72e2802
1812,sample005_a84d1a77,sample157_b1148f69
1813,sample006_fe39613e,sample157_b1148f69
1814,sample007_6d0d70d7,sample157_b1148f69
1815,sample157_b1148f69,sample008_056930c5
1816,sample009_36a064d0,sample157_b1148f69
1817,sample157_b1148f69,sample010_86c5159a
1818,sample158_3554df76,sample001_3c29c5ba
1819,sample158_3554df76,sample002_4e908fd2
1820,sample003_627b76ff,sample158_3554df76
1821,sample158_3554df76,sample004_a72e2802
1822,sample158_3554df76,sample005_a84d1a77
1823,sample158_3554df76,sample006_fe39613e
1824,sample158_3554df76,sample007_6d0d70d7
1825,sample008_056930c5,sample158_3554df76
1826,sample158_3554df76,sample009_36a064d0
1827,sample010_86c5159a,sample158_3554df76
1828,sample002_4e908fd2,sample159_918aa5c3
1829,sample003_627b76ff,sample159_918aa5c3
1830,sample004_a72e2802,sample159_918aa5c3
1831,sample005_a84d1a77,sample159_918aa5c3
1832,sample006_fe39613e,sample159_918aa5c3
1833,sample159_918aa5c3,sample007_6d0d70d7
1834,sample008_056930c5,sample159_918aa5c3
1835,sample009_36a064d0,sample159_918aa5c3
1836,sample010_86c5159a,sample159_918aa5c3
1837,sample160_ed88263c,sample001_3c29c5ba
1838,sample160_ed88263c,sample002_4e908fd2
1839,sample003_627b76ff,sample160_ed88263c
1840,sample160_ed88263c,sample004_a72e2802
1841,sample005_a84d1a77,sample160_ed88263c
1842,sample006_fe39613e,sample160_ed88263c
1843,sample160_ed88263c,sample007_6d0d70d7
1844,sample008_056930c5,sample160_ed88263c
1845,sample160_ed88263c,sample009_36a064d0
1846,sample160_ed88263c,sample010_86c5159a
1847,sample161_04667130,sample001_3c29c5ba
1848,sample002_4e908fd2,sample161_04667130
1849,sample003_627b76ff,sample161_04667130
1850,sample004_a72e2802,sample161_04667130
1851,sample005_a84d1a77,sample161_04667130
1852,sample161_04667130,sample006_fe39613e
1853,sample161_04667130,sample007_6d0d70d7
1854,sample008_056930c5,sample161_04667130
1855,sample009_36a064d0,sample161_04667130
1856,sample010_86c5159a,sample161_04667130
1857,sample001_3c29c5ba,sample162_2cc0400c
1858,sample002_4e908fd2,sample162_2cc0400c
1859,sample003_627b76ff,sample162_2cc0400c
1860,sample162_2cc0400c,sample004_a72e2802
1861,sample005_a84d1a77,sample162_2cc0400c
1862,sample162_2cc0400c,sample006_fe39613e
1863,sample162_2cc0400c,sample007_6d0d70d7
1864,sample008_056930c5,sample162_2cc0400c
1865,sample009_36a064d0,sample162_2cc0400c
1866,sample162_2cc0400c,sample010_86c5159a
1867,sample001_3c29c5ba,sample163_35d6a180
1868,sample163_35d6a180,sample002_4e908fd2
1869,sample163_35d6a180,sample003_627b76ff
1870,sample004_a72e2802,sample163_35d6a180
1871,sample163_35d6a180,sample005_a84d1a77
1872,sample163_35d6a180,sample006_fe39613e
1873,sample007_6d0d70d7,sample163_35d6a180
1874,sample163_35d6a180,sample008_056930c5
1875,sample163_35d6a180,sample009_36a064d0
1876,sample163_35d6a180,sample010_86c5159a
1877,sample001_3c29c5ba,sample164_6086e75c
1878,sample003_627b76ff,sample164_6086e75c
1879,sample004_a72e2802,sample164_6086e75c
1880,sample005_a84d1a77,sample164_6086e75c
1881,sample164_6086e75c,sample006_fe39613e
1882,sample164_6086e75c,sample007_6d0d70d7
1883,sample164_6086e75c,sample008_056930c5
1884,sample164_6086e75c,sample009_36a064d0
1885,sample010_86c5159a,sample164_6086e75c
1886,sample001_3c29c5ba,sample165_cdf5c82d
1887,sample165_cdf5c82d,sample002_4e908fd2
1888,sample165_cdf5c82d,sample003_627b76ff
1889,sample165_cdf5c82d,sample004_a72e2802
1890,sample005_a84d1a77,sample165_cdf5c82d
1891,sample165_cdf5c82d,sample006_fe39613e
1892,sample007_6d0d70d7,sample165_cdf5c82d
1893,sample165_cdf5c82d,sample008_056930c5
1894,sample009_36a064d0,sample165_cdf5c82d
1895,sample165_cdf5c82d,sample010_86c5159a
1896,sample166_8454c459,sample001_3c29c5ba
1897,sample166_8454c459,sample002_4e908fd2
1898,sample003_627b76ff,sample166_8454c459
1899,sample004_a72e2802,sample166_8454c459
1900,sample166_8454c459,sample005_a84d1a77
1901,sample006_fe39613e,sample166_8454c459
1902,sample007_6d0d70d7,sample166_8454c459
1903,sample008_056930c5,sample166_8454c459
1904,sample166_8454c459,sample009_36a064d0
1905,sample166_8454c459,sample010_86c5159a
1906,sample001_3c29c5ba,sample167_a27abf78
1907,sample167_a27abf78,sample002_4e908fd2
1908,sample003_627b76ff,sample167_a27abf78
1909,sample167_a27abf78,sample004_a72e2802
1910,sample005_a84d1a77,sample167_a27abf78
1911,sample167_a27abf78,sample006_fe39613e
1912,sample167_a27abf78,sample007_6d0d70d7
1913,sample008_056930c5,sample167_a27abf78
1914,sample009_36a064d0,sample167_a27abf78
1915,sample010_86c5159a,sample167_a27abf78
1916,sample168_22e2db9e,sample001_3c29c5ba
1917,sample168_22e2db9e,sample002_4e908fd2
1918,sample168_22e2db9e,sample003_627b76ff
1919,sample004_a72e2802,sample168_22e2db9e
1920,sample168_22e2db9e,sample005_a84d1a77
1921,sample168_22e2db9e,sample006_fe39613e
1922,sample168_22e2db9e,sample007_6d0d70d7
1923,sample168_22e2db9e,sample008_056930c5
1924,sample168_22e2db9e,sample009_36a064d0
1925,sample010_86c5159a,sample168_22e2db9e
1926,sample169_2e4395a7,sample001_3c29c5ba
1927,sample169_2e4395a7,sample002_4e908fd2
1928,sample003_627b76ff,sample169_2e4395a7
1929,sample004_a72e2802,sample169_2e4395a7
1930,sample005_a84d1a77,sample169_2e4395a7
1931,sample006_fe39613e,sample169_2e4395a7
1932,sample007_6d0d70d7,sample169_2e4395a7
1933,sample008_056930c5,sample169_2e4395a7
1934,sample009_36a064d0,sample169_2e4395a7
1935,sample010_86c5159a,sample169_2e4395a7
1936,sample170_e547d744,sample001_3c29c5ba
1937,sample002_4e908fd2,sample170_e547d744
1938,sample003_627b76ff,sample170_e547d744
1939,sample004_a72e2802,sample170_e547d744
1940,sample170_e547d744,sample005_a84d1a77
1941,sample006_fe39613e,sample170_e547d744
1942,sample170_e547d744,sample007_6d0d70d7
1943,sample170_e547d744,sample008_056930c5
1944,sample009_36a064d0,sample170_e547d744
1945,sample010_86c5159a,sample170_e547d744
1946,sample001_3c29c5ba,sample171_02b13e1c
1947,sample002_4e908fd2,sample171_02b13e1c
1948,sample171_02b13e1c,sample003_627b76ff
1949,sample171_02b13e1c,sample004_a72e2802
1950,sample171_02b13e1c,sample005_a84d1a77
1951,sample006_fe39613e,sample171_02b13e1c
1952,sample007_6d0d70d7,sample171_02b13e1c
1953,sample008_056930c5,sample171_02b13e1c
1954,sample009_36a064d0,sample171_02b13e1c
1955,sample171_02b13e1c,sample010_86c5159a
1956,sample172_7588bd44,sample001_3c29c5ba
1957,sample172_7588bd44,sample002_4e908fd2
1958,sample172_7588bd44,sample003_627b76ff
1959,sample172_7588bd44,sample004_a72e2802
1960,sample005_a84d1a77,sample172_7588bd44
1961,sample172_7588bd44,sample006_fe39613e
1962,sample007_6d0d70d7,sample172_7588bd44
1963,sample172_7588bd44,sample008_056930c5
1964,sample172_7588bd44,sample009_36a064d0
1965,sample010_86c5159a,sample172_7588bd44
1966,sample173_2377df9e,sample001_3c29c5ba
1967,sample173_2377df9e,sample002_4e908fd2
1968,sample003_627b76ff,sample173_2377df9e
1969,sample004_a72e2802,sample173_2377df9e
1970,sample005_a84d1a77,sample173_2377df9e
1971,sample006_fe39613e,sample173_2377df9e
1972,sample007_6d0d70d7,sample173_2377df9e
1973,sample008_056930c5,sample173_2377df9e
1974,sample173_2377df9e,sample009_36a064d0
1975,sample010_86c5159a,sample173_2377df9e
1976,sample174_728e16bc,sample001_3c29c5ba
1977,sample002_4e908fd2,sample174_728e16bc
1978,sample174_728e16bc,sample003_627b76ff
1979,sample004_a72e2802,sample174_728e16bc
1980,sample005_a84d1a77,sample174_728e16bc
1981,sample006_fe39613e,sample174_728e16bc
1982,sample174_728e16bc,sample007_6d0d70d7
1983,sample174_728e16bc,sample008_056930c5
1984,sample009_36a064d0,sample174_728e16bc
1985,sample174_728e16bc,sample010_86c5159a
1986,sample175_88993b09,sample001_3c29c5ba
1987,sample002_4e908fd2,sample175_88993b09
1988,sample175_88993b09,sample003_627b76ff
1989,sample004_a72e2802,sample175_88993b09
1990,sample175_88993b09,sample005_a84d1a77
1991,sample006_fe39613e,sample175_88993b09
1992,sample007_6d0d70d7,sample175_88993b09
1993,sample175_88993b09,sample008_056930c5
1994,sample175_88993b09,sample009_36a064d0
1995,sample175_88993b09,sample010_86c5159a
1996,sample001_3c29c5ba,sample176_db87a5a2
1997,sample002_4e908fd2,sample176_db87a5a2
1998,sample176_db87a5a2,sample003_627b76ff
1999,sample176_db87a5a2,sample004_a72e2802
2000,sample005_a84d1a77,sample176_db87a5a2
2001,sample006_fe39613e,sample176_db87a5a2
2002,sample176_db87a5a2,sample007_6d0d70d7
2003,sample176_db87a5a2,sample008_056930c5
2004,sample176_db87a5a2,sample009_36a064d0
2005,sample176_db87a5a2,sample010_86c5159a
2006,sample177_0198da6e,sample001_3c29c5ba
2007,sample002_4e908fd2,sample177_0198da6e
2008,sample177_0198da6e,sample003_627b76ff
2009,sample177_0198da6e,sample004_a72e2802
2010,sample177_0198da6e,sample005_a84d1a77
2011,sample006_fe39613e,sample177_0198da6e
2012,sample177_0198da6e,sample007_6d0d70d7
2013,sample177_0198da6e,sample008_056930c5
2014,sample009_36a064d0,sample177_0198da6e
2015,sample177_0198da6e,sample010_86c5159a
2016,sample001_3c29c5ba,sample178_f1334217
2017,sample178_f1334217,sample002_4e908fd2
2018,sample003_627b76ff,sample178_f1334217
2019,sample178_f1334217,sample004_a72e2802
2020,sample005_a84d1a77,sample178_f1334217
2021,sample178_f1334217,sample006_fe39613e
2022,sample007_6d0d70d7,sample178_f1334217
2023,sample008_056930c5,sample178_f1334217
2024,sample009_36a064d0,sample178_f1334217
2025,sample178_f1334217,sample010_86c5159a
2026,sample001_3c29c5ba,sample179_5d46b53e
2027,sample179_5d46b53e,sample002_4e908fd2
2028,sample179_5d46b53e,sample003_627b76ff
2029,sample179_5d46b53e,sample004_a72e2802
2030,sample179_5d46b53e,sample005_a84d1a77
2031,sample006_fe39613e,sample179_5d46b53e
2032,sample179_5d46b53e,sample007_6d0d70d7
2033,sample008_056930c5,sample179_5d46b53e
2034,sample179_5d46b53e,sample009_36a064d0
2035,sample179_5d46b53e,sample010_86c5159a
2036,sample001_3c29c5ba,sample180_e3d8d698
2037,sample002_4e908fd2,sample180_e3d8d698
2038,sample180_e3d8d698,sample003_627b76ff
2039,sample004_a72e2802,sample180_e3d8d698
2040,sample005_a84d1a77,sample180_e3d8d698
2041,sample006_fe39613e,sample180_e3d8d698
2042,sample007_6d0d70d7,sample180_e3d8d698
2043,sample008_056930c5,sample180_e3d8d698
2044,sample009_36a064d0,sample180_e3d8d698
2045,sample180_e3d8d698,sample010_86c5159a
2046,sample181_a6621347,sample001_3c29c5ba
2047,sample002_4e908fd2,sample181_a6621347
2048,sample003_627b76ff,sample181_a6621347
2049,sample181_a6621347,sample004_a72e2802
2050,sample005_a84d1a77,sample181_a6621347
2051,sample006_fe39613e,sample181_a6621347
2052,sample007_6d0d70d7,sample181_a6621347
2053,sample008_056930c5,sample181_a6621347
2054,sample181_a6621347,sample009_36a064d0
2055,sample010_86c5159a,sample181_a6621347
2056,sample001_3c29c5ba,sample182_fc65241d
2057,sample002_4e908fd2,sample182_fc65241d
2058,sample182_fc65241d,sample003_627b76ff
2059,sample182_fc65241d,sample004_a72e2802
2060,sample005_a84d1a77,sample182_fc65241d
2061,sample006_fe39613e,sample182_fc65241d
2062,sample182_fc65241d,sample007_6d0d70d7
2063,sample182_fc65241d,sample008_056930c5
2064,sample009_36a064d0,sample182_fc65241d
2065,sample010_86c5159a,sample182_fc65241d
2066,sample001_3c29c5ba,sample183_ca767767
2067,sample002_4e908fd2,sample183_ca767767
2068,sample003_627b76ff,sample183_ca767767
2069,sample183_ca767767,sample004_a72e2802
2070,sample183_ca767767,sample005_a84d1a77
2071,sample006_fe39613e,sample183_ca767767
2072,sample007_6d0d70d7,sample183_ca767767
2073,sample183_ca767767,sample008_056930c5
2074,sample183_ca767767,sample009_36a064d0
2075,sample183_ca767767,sample010_86c5159a
2076,sample184_2c9ff4fe,sample001_3c29c5ba
2077,sample184_2c9ff4fe,sample002_4e908fd2
2078,sample184_2c9ff4fe,sample003_627b76ff
2079,sample184_2c9ff4fe,sample004_a72e2802
2080,sample005_a84d1a77,sample184_2c9ff4fe
2081,sample006_fe39613e,sample184_2c9ff4fe
2082,sample007_6d0d70d7,sample184_2c9ff4fe
2083,sample008_056930c5,sample184_2c9ff4fe
2084,sample009_36a064d0,sample184_2c9ff4fe
2085,sample184_2c9ff4fe,sample010_86c5159a
2086,sample185_0ea0912d,sample001_3c29c5ba
2087,sample185_0ea0912d,sample002_4e908fd2
2088,sample185_0ea0912d,sample003_627b76ff
2089,sample185_0ea0912d,sample004_a72e2802
2090,sample005_a84d1a77,sample185_0ea0912d
2091,sample185_0ea0912d,sample006_fe39613e
2092,sample185_0ea0912d,sample007_6d0d70d7
2093,sample008_056930c5,sample185_0ea0912d
2094,sample185_0ea0912d,sample009_36a064d0
2095,sample010_86c5159a,sample185_0ea0912d
2096,sample186_e5557310,sample001_3c29c5ba
2097,sample002_4e908fd2,sample186_e5557310
2098,sample003_627b76ff,sample186_e5557310
2099,sample186_e5557310,sample004_a72e2802
2100,sample186_e5557310,sample005_a84d1a77
2101,sample186_e5557310,sample006_fe39613e
2102,sample007_6d0d70d7,sample186_e5557310
2103,sample008_056930c5,sample186_e5557310
2104,sample186_e5557310,sample009_36a064d0
2105,sample010_86c5159a,sample186_e5557310
2106,sample001_3c29c5ba,sample187_b0f03602
2107,sample002_4e908fd2,sample187_b0f03602
2108,sample187_b0f03602,sample003_627b76ff
2109,sample187_b0f03602,sample004_a72e2802
2110,sample005_a84d1a77,sample187_b0f03602
2111,sample006_fe39613e,sample187_b0f03602
2112,sample187_b0f03602,sample007_6d0d70d7
2113,sample187_b0f03602,sample008_056930c5
2114,sample009_36a064d0,sample187_b0f03602
2115,sample187_b0f03602,sample010_86c5159a
2116,sample001_3c29c5ba,sample188_0e995f08
2117,sample188_0e995f08,sample002_4e908fd2
2118,sample003_627b76ff,sample188_0e995f08
2119,sample188_0e995f08,sample004_a72e2802
2120,sample005_a84d1a77,sample188_0e995f08
2121,sample188_0e995f08,sample006_fe39613e
2122,sample188_0e995f08,sample007_6d0d70d7
2123,sample008_056930c5,sample188_0e995f08
2124,sample188_0e995f08,sample010_86c5159a
2125,sample001_3c29c5ba,sample189_b2eb371f
2126,sample189_b2eb371f,sample002_4e908fd2
2127,sample189_b2eb371f,sample003_627b76ff
2128,sample189_b2eb371f,sample004_a72e2802
2129,sample189_b2eb371f,sample005_a84d1a77
2130,sample006_fe39613e,sample189_b2eb371f
2131,sample007_6d0d70d7,sample189_b2eb371f
2132,sample008_056930c5,sample189_b2eb371f
2133,sample189_b2eb371f,sample009_36a064d0
2134,sample010_86c5159a,sample189_b2eb371f
2135,sample001_3c29c5ba,sample190_762dfa42
2136,sample002_4e908fd2,sample190_762dfa42
2137,sample003_627b76ff,sample190_762dfa42
2138,sample004_a72e2802,sample190_762dfa42
2139,sample005_a84d1a77,sample190_762dfa42
2140,sample006_fe39613e,sample190_762dfa42
2141,sample190_762dfa42,sample007_6d0d70d7
2142,sample008_056930c5,sample190_762dfa42
2143,sample190_762dfa42,sample009_36a064d0
2144,sample190_762dfa42,sample010_86c5159a
2145,sample001_3c29c5ba,sample191_3361e30f
2146,sample002_4e908fd2,sample191_3361e30f
2147,sample003_627b76ff,sample191_3361e30f
2148,sample004_a72e2802,sample191_3361e30f
2149,sample005_a84d1a77,sample191_3361e30f
2150,sample006_fe39613e,sample191_3361e30f
2151,sample191_3361e30f,sample007_6d0d70d7
2152,sample008_056930c5,sample191_3361e30f
2153,sample009_36a064d0,sample191_3361e30f
2154,sample191_3361e30f,sample010_86c5159a
2155,sample001_3c29c5ba,sample192_144a35f2
2156,sample002_4e908fd2,sample192_144a35f2
2157,sample192_144a35f2,sample003_627b76ff
2158,sample004_a72e2802,sample192_144a35f2
2159,sample005_a84d1a77,sample192_144a35f2
2160,sample006_fe39613e,sample192_144a35f2
2161,sample007_6d0d70d7,sample192_144a35f2
2162,sample008_056930c5,sample192_144a35f2
2163,sample192_144a35f2,sample009_36a064d0
2164,sample010_86c5159a,sample192_144a35f2
2165,sample001_3c29c5ba,sample193_a3aba001
2166,sample193_a3aba001,sample002_4e908fd2
2167,sample193_a3aba001,sample003_627b76ff
2168,sample193_a3aba001,sample004_a72e2802
2169,sample193_a3aba001,sample005_a84d1a77
2170,sample006_fe39613e,sample193_a3aba001
2171,sample007_6d0d70d7,sample193_a3aba001
2172,sample008_056930c5,sample193_a3aba001
2173,sample009_36a064d0,sample193_a3aba001
2174,sample193_a3aba001,sample010_86c5159a
2175,sample001_3c29c5ba,sample194_328dbd2a
2176,sample194_328dbd2a,sample002_4e908fd2
2177,sample194_328dbd2a,sample003_627b76ff
2178,sample004_a72e2802,sample194_328dbd2a
2179,sample194_328dbd2a,sample005_a84d1a77
2180,sample006_fe39613e,sample194_328dbd2a
2181,sample007_6d0d70d7,sample194_328dbd2a
2182,sample194_328dbd2a,sample008_056930c5
2183,sample194_328dbd2a,sample009_36a064d0
2184,sample010_86c5159a,sample194_328dbd2a
2185,sample001_3c29c5ba,sample195_26730d6d
2186,sample195_26730d6d,sample002_4e908fd2
2187,sample003_627b76ff,sample195_26730d6d
2188,sample195_26730d6d,sample004_a72e2802
2189,sample005_a84d1a77,sample195_26730d6d
2190,sample195_26730d6d,sample006_fe39613e
2191,sample007_6d0d70d7,sample195_26730d6d
2192,sample195_26730d6d,sample008_056930c5
2193,sample195_26730d6d,sample009_36a064d0
2194,sample010_86c5159a,sample195_26730d6d
2195,sample001_3c29c5ba,sample196_3469b979
2196,sample002_4e908fd2,sample196_3469b979
2197,sample196_3469b979,sample003_627b76ff
2198,sample004_a72e2802,sample196_3469b979
2199,sample196_3469b979,sample005_a84d1a77
2200,sample196_3469b979,sample006_fe39613e
2201,sample007_6d0d70d7,sample196_3469b979
2202,sample009_36a064d0,sample196_3469b979
2203,sample196_3469b979,sample010_86c5159a
2204,sample001_3c29c5ba,sample197_9fb7ce5f
2205,sample002_4e908fd2,sample197_9fb7ce5f
2206,sample003_627b76ff,sample197_9fb7ce5f
2207,sample197_9fb7ce5f,sample004_a72e2802
2208,sample197_9fb7ce5f,sample005_a84d1a77
2209,sample197_9fb7ce5f,sample006_fe39613e
2210,sample197_9fb7ce5f,sample007_6d0d70d7
2211,sample197_9fb7ce5f,sample008_056930c5
2212,sample009_36a064d0,sample197_9fb7ce5f
2213,sample197_9fb7ce5f,sample010_86c5159a
2214,sample198_ee0e18d2,sample001_3c29c5ba
2215,sample198_ee0e18d2,sample002_4e908fd2
2216,sample198_ee0e18d2,sample003_627b76ff
2217,sample004_a72e2802,sample198_ee0e18d2
2218,sample198_ee0e18d2,sample005_a84d1a77
2219,sample006_fe39613e,sample198_ee0e18d2
2220,sample007_6d0d70d7,sample198_ee0e18d2
2221,sample008_056930c5,sample198_ee0e18d2
2222,sample009_36a064d0,sample198_ee0e18d2
2223,sample010_86c5159a,sample198_ee0e18d2
2224,sample001_3c29c5ba,sample199_40e217d7
2225,sample002_4e908fd2,sample199_40e217d7
2226,sample199_40e217d7,sample003_627b76ff
2227,sample004_a72e2802,sample199_40e217d7
2228,sample005_a84d1a77,sample199_40e217d7
2229,sample199_40e217d7,sample006_fe39613e
2230,sample007_6d0d70d7,sample199_40e217d7
2231,sample008_056930c5,sample199_40e217d7
2232,sample009_36a064d0,sample199_40e217d7
2233,sample010_86c5159a,sample199_40e217d7
2234,sample200_d8677912,sample001_3c29c5ba
2235,sample002_4e908fd2,sample200_d8677912
2236,sample003_627b76ff,sample200_d8677912
2237,sample200_d8677912,sample004_a72e2802
2238,sample200_d8677912,sample005_a84d1a77
2239,sample006_fe39613e,sample200_d8677912
2240,sample200_d8677912,sample007_6d0d70d7
2241,sample008_056930c5,sample200_d8677912
2242,sample009_36a064d0,sample200_d8677912
2243,sample200_d8677912,sample010_86c5159a
2244,sample201_5430f370,sample001_3c29c5ba
2245,sample201_5430f370,sample002_4e908fd2
2246,sample201_5430f370,sample003_627b76ff
2247,sample004_a72e2802,sample201_5430f370
2248,sample201_5430f370,sample005_a84d1a77
2249,sample201_5430f370,sample006_fe39613e
2250,sample201_5430f370,sample007_6d0d70d7
2251,sample008_056930c5,sample201_5430f370
2252,sample009_36a064d0,sample201_5430f370
2253,sample201_5430f370,sample010_86c5159a
2254,sample202_3a6e070e,sample001_3c29c5ba
2255,sample202_3a6e070e,sample002_4e908fd2
2256,sample202_3a6e070e,sample004_a72e2802
2257,sample005_a84d1a77,sample202_3a6e070e
2258,sample202_3a6e070e,sample006_fe39613e
2259,sample202_3a6e070e,sample007_6d0d70d7
2260,sample202_3a6e070e,sample008_056930c5
2261,sample009_36a064d0,sample202_3a6e070e
2262,sample202_3a6e070e,sample010_86c5159a
2263,sample001_3c29c5ba,sample203_3b23436c
2264,sample203_3b23436c,sample002_4e908fd2
2265,sample203_3b23436c,sample003_627b76ff
2266,sample004_a72e2802,sample203_3b23436c
2267,sample203_3b23436c,sample005_a84d1a77
2268,sample006_fe39613e,sample203_3b23436c
2269,sample007_6d0d70d7,sample203_3b23436c
2270,sample008_056930c5,sample203_3b23436c
2271,sample203_3b23436c,sample009_36a064d0
2272,sample203_3b23436c,sample010_86c5159a
2273,sample204_baf7f138,sample001_3c29c5ba
2274,sample204_baf7f138,sample002_4e908fd2
2275,sample003_627b76ff,sample204_baf7f138
2276,sample004_a72e2802,sample204_baf7f138
2277,sample005_a84d1a77,sample204_baf7f138
2278,sample204_baf7f138,sample006_fe39613e
2279,sample007_6d0d70d7,sample204_baf7f138
2280,sample008_056930c5,sample204_baf7f138
2281,sample204_baf7f138,sample009_36a064d0
2282,sample204_baf7f138,sample010_86c5159a
2283,sample001_3c29c5ba,sample205_29b101bc
2284,sample205_29b101bc,sample002_4e908fd2
2285,sample003_627b76ff,sample205_29b101bc
2286,sample205_29b101bc,sample004_a72e2802
2287,sample205_29b101bc,sample005_a84d1a77
2288,sample006_fe39613e,sample205_29b101bc
2289,sample205_29b101bc,sample007_6d0d70d7
2290,sample205_29b101bc,sample008_056930c5
2291,sample205_29b101bc,sample009_36a064d0
2292,sample205_29b101bc,sample010_86c5159a
2293,sample206_cada7cf4,sample001_3c29c5ba
2294,sample002_4e908fd2,sample206_cada7cf4
2295,sample003_627b76ff,sample206_cada7cf4
2296,sample004_a72e2802,sample206_cada7cf4
2297,sample206_cada7cf4,sample005_a84d1a77
2298,sample206_cada7cf4,sample006_fe39613e
2299,sample007_6d0d70d7,sample206_cada7cf4
2300,sample008_056930c5,sample206_cada7cf4
2301,sample009_36a064d0,sample206_cada7cf4
2302,sample206_cada7cf4,sample010_86c5159a
2303,sample001_3c29c5ba,sample207_2ca97251
2304,sample207_2ca97251,sample002_4e908fd2
2305,sample207_2ca97251,sample003_627b76ff
2306,sample207_2ca97251,sample004_a72e2802
2307,sample005_a84d1a77,sample207_2ca97251
2308,sample006_fe39613e,sample207_2ca97251
2309,sample007_6d0d70d7,sample207_2ca97251
2310,sample207_2ca97251,sample008_056930c5
2311,sample207_2ca97251,sample009_36a064d0
2312,sample010_86c5159a,sample207_2ca97251
2313,sample208_160ca549,sample001_3c29c5ba
2314,sample002_4e908fd2,sample208_160ca549
2315,sample003_627b76ff,sample208_160ca549
2316,sample004_a72e2802,sample208_160ca549
2317,sample208_160ca549,sample005_a84d1a77
2318,sample006_fe39613e,sample208_160ca549
2319,sample208_160ca549,sample007_6d0d70d7
2320,sample008_056930c5,sample208_160ca549
2321,sample208_160ca549,sample009_36a064d0
2322,sample010_86c5159a,sample208_160ca549
2323,sample001_3c29c5ba,sample209_bed041d7
2324,sample209_bed041d7,sample002_4e908fd2
2325,sample003_627b76ff,sample209_bed041d7
2326,sample004_a72e2802,sample209_bed041d7
2327,sample209_bed041d7,sample005_a84d1a77
2328,sample006_fe39613e,sample209_bed041d7
2329,sample209_bed041d7,sample007_6d0d70d7
2330,sample209_bed041d7,sample008_056930c5
2331,sample209_bed041d7,sample009_36a064d0
2332,sample010_86c5159a,sample209_bed041d7
2333,sample210_ac1f93e1,sample001_3c29c5ba
2334,sample002_4e908fd2,sample210_ac1f93e1
2335,sample003_627b76ff,sample210_ac1f93e1
2336,sample004_a72e2802,sample210_ac1f93e1
2337,sample210_ac1f93e1,sample005_a84d1a77
2338,sample006_fe39613e,sample210_ac1f93e1
2339,sample210_ac1f93e1,sample007_6d0d70d7
2340,sample008_056930c5,sample210_ac1f93e1
2341,sample210_ac1f93e1,sample009_36a064d0
2342,sample010_86c5159a,sample210_ac1f93e1
2343,sample001_3c29c5ba,sample211_a2b39b71
2344,sample002_4e908fd2,sample211_a2b39b71
2345,sample003_627b76ff,sample211_a2b39b71
2346,sample004_a72e2802,sample211_a2b39b71
2347,sample211_a2b39b71,sample005_a84d1a77
2348,sample211_a2b39b71,sample006_fe39613e
2349,sample211_a2b39b71,sample007_6d0d70d7
2350,sample211_a2b39b71,sample008_056930c5
2351,sample211_a2b39b71,sample009_36a064d0
2352,sample211_a2b39b71,sample010_86c5159a
2353,sample212_4d3716b5,sample001_3c29c5ba
2354,sample212_4d3716b5,sample002_4e908fd2
2355,sample212_4d3716b5,sample003_627b76ff
2356,sample004_a72e2802,sample212_4d3716b5
2357,sample005_a84d1a77,sample212_4d3716b5
2358,sample212_4d3716b5,sample006_fe39613e
2359,sample007_6d0d70d7,sample212_4d3716b5
2360,sample212_4d3716b5,sample008_056930c5
2361,sample212_4d3716b5,sample009_36a064d0
2362,sample212_4d3716b5,sample010_86c5159a
2363,sample213_d8480af4,sample001_3c29c5ba
2364,sample213_d8480af4,sample002_4e908fd2
2365,sample213_d8480af4,sample003_627b76ff
2366,sample213_d8480af4,sample004_a72e2802
2367,sample005_a84d1a77,sample213_d8480af4
2368,sample006_fe39613e,sample213_d8480af4
2369,sample007_6d0d70d7,sample213_d8480af4
2370,sample008_056930c5,sample213_d8480af4
2371,sample009_36a064d0,sample213_d8480af4
2372,sample010_86c5159a,sample213_d8480af4
2373,sample214_47d63bf9,sample001_3c29c5ba
2374,sample002_4e908fd2,sample214_47d63bf9
2375,sample003_627b76ff,sample214_47d63bf9
2376,sample214_47d63bf9,sample004_a72e2802
2377,sample214_47d63bf9,sample005_a84d1a77
2378,sample214_47d63bf9,sample006_fe39613e
2379,sample214_47d63bf9,sample007_6d0d70d7
2380,sample008_056930c5,sample214_47d63bf9
2381,sample214_47d63bf9,sample009_36a064d0
2382,sample214_47d63bf9,sample010_86c5159a
2383,sample001_3c29c5ba,sample215_cc025b5e
2384,sample003_627b76ff,sample215_cc025b5e
2385,sample215_cc025b5e,sample004_a72e2802
2386,sample215_cc025b5e,sample005_a84d1a77
2387,sample215_cc025b5e,sample006_fe39613e
2388,sample215_cc025b5e,sample007_6d0d70d7
2389,sample008_056930c5,sample215_cc025b5e
2390,sample215_cc025b5e,sample009_36a064d0
2391,sample215_cc025b5e,sample010_86c5159a
2392,sample001_3c29c5ba,sample216_ffa6ee05
2393,sample002_4e908fd2,sample216_ffa6ee05
2394,sample003_627b76ff,sample216_ffa6ee05
2395,sample004_a72e2802,sample216_ffa6ee05
2396,sample216_ffa6ee05,sample005_a84d1a77
2397,sample216_ffa6ee05,sample006_fe39613e
2398,sample216_ffa6ee05,sample007_6d0d70d7
2399,sample008_056930c5,sample216_ffa6ee05
2400,sample009_36a064d0,sample216_ffa6ee05
2401,sample010_86c5159a,sample216_ffa6ee05
2402,sample001_3c29c5ba,sample217_6377ae91
2403,sample002_4e908fd2,sample217_6377ae91
2404,sample003_627b76ff,sample217_6377ae91
2405,sample004_a72e2802,sample217_6377ae91
2406,sample217_6377ae91,sample005_a84d1a77
2407,sample217_6377ae91,sample006_fe39613e
2408,sample217_6377ae91,sample007_6d0d70d7
2409,sample217_6377ae91,sample008_056930c5
2410,sample009_36a064d0,sample217_6377ae91
2411,sample217_6377ae91,sample010_86c5159a
2412,sample218_2eaffa66,sample001_3c29c5ba
2413,sample218_2eaffa66,sample002_4e908fd2
2414,sample218_2eaffa66,sample003_627b76ff
2415,sample218_2eaffa66,sample004_a72e2802
2416,sample005_a84d1a77,sample218_2eaffa66
2417,sample006_fe39613e,sample218_2eaffa66
2418,sample007_6d0d70d7,sample218_2eaffa66
2419,sample008_056930c5,sample218_2eaffa66
2420,sample218_2eaffa66,sample009_36a064d0
2421,sample010_86c5159a,sample218_2eaffa66
2422,sample001_3c29c5ba,sample219_9b7a084f
2423,sample219_9b7a084f,sample002_4e908fd2
2424,sample219_9b7a084f,sample003_627b76ff
2425,sample004_a72e2802,sample219_9b7a084f
2426,sample005_a84d1a77,sample219_9b7a084f
2427,sample006_fe39613e,sample219_9b7a084f
2428,sample219_9b7a084f,sample007_6d0d70d7
2429,sample219_9b7a084f,sample008_056930c5
2430,sample219_9b7a084f,sample009_36a064d0
2431,sample010_86c5159a,sample219_9b7a084f
2432,sample220_5a48d9b6,sample001_3c29c5ba
2433,sample002_4e908fd2,sample220_5a48d9b6
2434,sample220_5a48d9b6,sample003_627b76ff
2435,sample220_5a48d9b6,sample004_a72e2802
2436,sample220_5a48d9b6,sample005_a84d1a77
2437,sample220_5a48d9b6,sample006_fe39613e
2438,sample007_6d0d70d7,sample220_5a48d9b6
2439,sample220_5a48d9b6,sample008_056930c5
2440,sample220_5a48d9b6,sample009_36a064d0
2441,sample010_86c5159a,sample220_5a48d9b6
2442,sample221_0d7c78bd,sample001_3c29c5ba
2443,sample221_0d7c78bd,sample002_4e908fd2
2444,sample221_0d7c78bd,sample003_627b76ff
2445,sample221_0d7c78bd,sample004_a72e2802
2446,sample005_a84d1a77,sample221_0d7c78bd
2447,sample221_0d7c78bd,sample006_fe39613e
2448,sample221_0d7c78bd,sample007_6d0d70d7
2449,sample008_056930c5,sample221_0d7c78bd
2450,sample009_36a064d0,sample221_0d7c78bd
2451,sample010_86c5159a,sample221_0d7c78bd
2452,sample002_4e908fd2,sample222_bfe748cb
2453,sample003_627b76ff,sample222_bfe748cb
2454,sample004_a72e2802,sample222_bfe748cb
2455,sample005_a84d1a77,sample222_bfe748cb
2456,sample006_fe39613e,sample222_bfe748cb
2457,sample222_bfe748cb,sample007_6d0d70d7
2458,sample008_056930c5,sample222_bfe748cb
2459,sample009_36a064d0,sample222_bfe748cb
2460,sample010_86c5159a,sample222_bfe748cb
2461,sample001_3c29c5ba,sample223_e7455493
2462,sample223_e7455493,sample002_4e908fd2
2463,sample003_627b76ff,sample223_e7455493
2464,sample004_a72e2802,sample223_e7455493
2465,sample005_a84d1a77,sample223_e7455493
2466,sample006_fe39613e,sample223_e7455493
2467,sample007_6d0d70d7,sample223_e7455493
2468,sample008_056930c5,sample223_e7455493
2469,sample009_36a064d0,sample223_e7455493
2470,sample010_86c5159a,sample223_e7455493
2471,sample224_1fc3e356,sample001_3c29c5ba
2472,sample002_4e908fd2,sample224_1fc3e356
2473,sample224_1fc3e356,sample003_627b76ff
2474,sample224_1fc3e356,sample004_a72e2802
2475,sample224_1fc3e356,sample005_a84d1a77
2476,sample224_1fc3e356,sample006_fe39613e
2477,sample224_1fc3e356,sample007_6d0d70d7
2478,sample224_1fc3e356,sample008_056930c5
2479,sample224_1fc3e356,sample009_36a064d0
2480,sample010_86c5159a,sample224_1fc3e356
2481,sample001_3c29c5ba,sample225_ef9728ac
2482,sample002_4e908fd2,sample225_ef9728ac
2483,sample003_627b76ff,sample225_ef9728ac
2484,sample004_a72e2802,sample225_ef9728ac
2485,sample005_a84d1a77,sample225_ef9728ac
2486,sample006_fe39613e,sample225_ef9728ac
2487,sample225_ef9728ac,sample007_6d0d70d7
2488,sample008_056930c5,sample225_ef9728ac
2489,sample225_ef9728ac,sample009_36a064d0
2490,sample225_ef9728ac,sample010_86c5159a
2491,sample226_2d7ef8de,sample001_3c29c5ba
2492,sample226_2d7ef8de,sample002_4e908fd2
2493,sample226_2d7ef8de,sample003_627b76ff
2494,sample004_a72e2802,sample226_2d7ef8de
2495,sample005_a84d1a77,sample226_2d7ef8de
2496,sample226_2d7ef8de,sample006_fe39613e
2497,sample226_2d7ef8de,sample007_6d0d70d7
2498,sample008_056930c5,sample226_2d7ef8de
2499,sample226_2d7ef8de,sample009_36a064d0
2500,sample010_86c5159a,sample226_2d7ef8de
2501,sample227_23672cca,sample001_3c29c5ba
2502,sample002_4e908fd2,sample227_23672cca
2503,sample003_627b76ff,sample227_23672cca
2504,sample227_23672cca,sample004_a72e2802
2505,sample227_23672cca,sample005_a84d1a77
2506,sample006_fe39613e,sample227_23672cca
2507,sample227_23672cca,sample007_6d0d70d7
2508,sample227_23672cca,sample008_056930c5
2509,sample009_36a064d0,sample227_23672cca
2510,sample227_23672cca,sample010_86c5159a
2511,sample001_3c29c5ba,sample228_398bd9c3
2512,sample002_4e908fd2,sample228_398bd9c3
2513,sample003_627b76ff,sample228_398bd9c3
2514,sample228_398bd9c3,sample004_a72e2802
2515,sample228_398bd9c3,sample005_a84d1a77
2516,sample006_fe39613e,sample228_398bd9c3
2517,sample007_6d0d70d7,sample228_398bd9c3
2518,sample008_056930c5,sample228_398bd9c3
2519,sample228_398bd9c3,sample009_36a064d0
2520,sample228_398bd9c3,sample010_86c5159a
2521,sample001_3c29c5ba,sample229_f92eb5b1
2522,sample002_4e908fd2,sample229_f92eb5b1
2523,sample229_f92eb5b1,sample003_627b76ff
2524,sample004_a72e2802,sample229_f92eb5b1
2525,sample229_f92eb5b1,sample005_a84d1a77
2526,sample006_fe39613e,sample229_f92eb5b1
2527,sample229_f92eb5b1,sample007_6d0d70d7
2528,sample229_f92eb5b1,sample008_056930c5
2529,sample009_36a064d0,sample229_f92eb5b1
2530,sample010_86c5159a,sample229_f92eb5b1
2531,sample001_3c29c5ba,sample230_47b01153
2532,sample230_47b01153,sample002_4e908fd2
2533,sample003_627b76ff,sample230_47b01153
2534,sample004_a72e2802,sample230_47b01153
2535,sample005_a84d1a77,sample230_47b01153
2536,sample006_fe39613e,sample230_47b01153
2537,sample230_47b01153,sample007_6d0d70d7
2538,sample230_47b01153,sample008_056930c5
2539,sample230_47b01153,sample009_36a064d0
2540,sample230_47b01153,sample010_86c5159a
2541,sample001_3c29c5ba,sample231_a7ca1cbe
2542,sample002_4e908fd2,sample231_a7ca1cbe
2543,sample231_a7ca1cbe,sample003_627b76ff
2544,sample231_a7ca1cbe,sample004_a72e2802
2545,sample005_a84d1a77,sample231_a7ca1cbe
2546,sample006_fe39613e,sample231_a7ca1cbe
2547,sample007_6d0d70d7,sample231_a7ca1cbe
2548,sample008_056930c5,sample231_a7ca1cbe
2549,sample231_a7ca1cbe,sample009_36a064d0
2550,sample231_a7ca1cbe,sample010_86c5159a
2551,sample001_3c29c5ba,sample232_cf98e3c8
2552,sample002_4e908fd2,sample232_cf98e3c8
2553,sample003_627b76ff,sample232_cf98e3c8
2554,sample232_cf98e3c8,sample004_a72e2802
2555,sample232_cf98e3c8,sample005_a84d1a77
2556,sample006_fe39613e,sample232_cf98e3c8
2557,sample232_cf98e3c8,sample007_6d0d70d7
2558,sample008_056930c5,sample232_cf98e3c8
2559,sample009_36a064d0,sample232_cf98e3c8
2560,sample232_cf98e3c8,sample010_86c5159a
2561,sample001_3c29c5ba,sample233_4e88157a
2562,sample002_4e908fd2,sample233_4e88157a
2563,sample233_4e88157a,sample003_627b76ff
2564,sample233_4e88157a,sample004_a72e2802
2565,sample233_4e88157a,sample005_a84d1a77
2566,sample233_4e88157a,sample006_fe39613e
2567,sample233_4e88157a,sample007_6d0d70d7
2568,sample233_4e88157a,sample008_056930c5
2569,sample009_36a064d0,sample233_4e88157a
2570,sample233_4e88157a,sample010_86c5159a
2571,sample001_3c29c5ba,sample234_553dcff0
2572,sample002_4e908fd2,sample234_553dcff0
2573,sample234_553dcff0,sample003_627b76ff
2574,sample234_553dcff0,sample004_a72e2802
2575,sample005_a84d1a77,sample234_553dcff0
2576,sample006_fe39613e,sample234_553dcff0
2577,sample234_553dcff0,sample007_6d0d70d7
2578,sample008_056930c5,sample234_553dcff0
2579,sample009_36a064d0,sample234_553dcff0
2580,sample234_553dcff0,sample010_86c5159a
2581,sample235_ea92f26e,sample001_3c29c5ba
2582,sample002_4e908fd2,sample235_ea92f26e
2583,sample003_627b76ff,sample235_ea92f26e
2584,sample235_ea92f26e,sample004_a72e2802
2585,sample005_a84d1a77,sample235_ea92f26e
2586,sample235_ea92f26e,sample006_fe39613e
2587,sample007_6d0d70d7,sample235_ea92f26e
2588,sample235_ea92f26e,sample008_056930c5
2589,sample009_36a064d0,sample235_ea92f26e
2590,sample010_86c5159a,sample235_ea92f26e
2591,sample001_3c29c5ba,sample236_f3d5c89f
2592,sample236_f3d5c89f,sample002_4e908fd2
2593,sample236_f3d5c89f,sample003_627b76ff
2594,sample236_f3d5c89f,sample004_a72e2802
2595,sample005_a84d1a77,sample236_f3d5c89f
2596,sample236_f3d5c89f,sample006_fe39613e
2597,sample236_f3d5c89f,sample007_6d0d70d7
2598,sample236_f3d5c89f,sample008_056930c5
2599,sample009_36a064d0,sample236_f3d5c89f
2600,sample010_86c5159a,sample236_f3d5c89f
2601,sample001_3c29c5ba,sample237_9472557e
2602,sample237_9472557e,sample002_4e908fd2
2603,sample003_627b76ff,sample237_9472557e
2604,sample237_9472557e,sample004_a72e2802
2605,sample005_a84d1a77,sample237_9472557e
2606,sample006_fe39613e,sample237_9472557e
2607,sample007_6d0d70d7,sample237_9472557e
2608,sample237_9472557e,sample008_056930c5
2609,sample237_9472557e,sample009_36a064d0
2610,sample010_86c5159a,sample237_9472557e
2611,sample001_3c29c5ba,sample238_fdf5ca49
2612,sample002_4e908fd2,sample238_fdf5ca49
2613,sample238_fdf5ca49,sample003_627b76ff
2614,sample238_fdf5ca49,sample004_a72e2802
2615,sample005_a84d1a77,sample238_fdf5ca49
2616,sample238_fdf5ca49,sample006_fe39613e
2617,sample238_fdf5ca49,sample007_6d0d70d7
2618,sample238_fdf5ca49,sample008_056930c5
2619,sample238_fdf5ca49,sample009_36a064d0
2620,sample238_fdf5ca49,sample010_86c5159a
2621,sample239_70abef06,sample001_3c29c5ba
2622,sample239_70abef06,sample002_4e908fd2
2623,sample239_70abef06,sample003_627b76ff
2624,sample004_a72e2802,sample239_70abef06
2625,sample239_70abef06,sample005_a84d1a77
2626,sample006_fe39613e,sample239_70abef06
2627,sample007_6d0d70d7,sample239_70abef06
2628,sample008_056930c5,sample239_70abef06
2629,sample009_36a064d0,sample239_70abef06
2630,sample001_3c29c5ba,sample240_f834f12b
2631,sample240_f834f12b,sample002_4e908fd2
2632,sample240_f834f12b,sample003_627b76ff
2633,sample240_f834f12b,sample004_a72e2802
2634,sample005_a84d1a77,sample240_f834f12b
2635,sample240_f834f12b,sample006_fe39613e
2636,sample007_6d0d70d7,sample240_f834f12b
2637,sample240_f834f12b,sample008_056930c5
2638,sample009_36a064d0,sample240_f834f12b
2639,sample010_86c5159a,sample240_f834f12b
2640,sample241_9aeb4384,sample001_3c29c5ba
2641,sample002_4e908fd2,sample241_9aeb4384
2642,sample003_627b76ff,sample241_9aeb4384
2643,sample241_9aeb4384,sample004_a72e2802
2644,sample241_9aeb4384,sample005_a84d1a77
2645,sample241_9aeb4384,sample006_fe39613e
2646,sample007_6d0d70d7,sample241_9aeb4384
2647,sample241_9aeb4384,sample008_056930c5
2648,sample009_36a064d0,sample241_9aeb4384
2649,sample010_86c5159a,sample241_9aeb4384
2650,sample001_3c29c5ba,sample242_bc639087
2651,sample242_bc639087,sample002_4e908fd2
2652,sample003_627b76ff,sample242_bc639087
2653,sample242_bc639087,sample004_a72e2802
2654,sample242_bc639087,sample005_a84d1a77
2655,sample242_bc639087,sample006_fe39613e
2656,sample007_6d0d70d7,sample242_bc639087
2657,sample008_056930c5,sample242_bc639087
2658,sample009_36a064d0,sample242_bc639087
2659,sample242_bc639087,sample010_86c5159a
2660,sample001_3c29c5ba,sample243_1ced9527
2661,sample002_4e908fd2,sample243_1ced9527
2662,sample243_1ced9527,sample003_627b76ff
2663,sample243_1ced9527,sample004_a72e2802
2664,sample243_1ced9527,sample005_a84d1a77
2665,sample243_1ced9527,sample006_fe39613e
2666,sample007_6d0d70d7,sample243_1ced9527
2667,sample008_056930c5,sample243_1ced9527
2668,sample009_36a064d0,sample243_1ced9527
2669,sample010_86c5159a,sample243_1ced9527
2670,sample244_f01a5078,sample001_3c29c5ba
2671,sample244_f01a5078,sample002_4e908fd2
2672,sample003_627b76ff,sample244_f01a5078
2673,sample004_a72e2802,sample244_f01a5078
2674,sample244_f01a5078,sample005_a84d1a77
2675,sample244_f01a5078,sample006_fe39613e
2676,sample007_6d0d70d7,sample244_f01a5078
2677,sample244_f01a5078,sample008_056930c5
2678,sample009_36a064d0,sample244_f01a5078
2679,sample010_86c5159a,sample244_f01a5078
2680,sample001_3c29c5ba,sample245_2638b53c
2681,sample002_4e908fd2,sample245_2638b53c
2682,sample245_2638b53c,sample003_627b76ff
2683,sample004_a72e2802,sample245_2638b53c
2684,sample005_a84d1a77,sample245_2638b53c
2685,sample245_2638b53c,sample006_fe39613e
2686,sample245_2638b53c,sample007_6d0d70d7
2687,sample008_056930c5,sample245_2638b53c
2688,sample245_2638b53c,sample009_36a064d0
2689,sample245_2638b53c,sample010_86c5159a
2690,sample246_e8541fc4,sample001_3c29c5ba
2691,sample002_4e908fd2,sample246_e8541fc4
2692,sample003_627b76ff,sample246_e8541fc4
2693,sample004_a72e2802,sample246_e8541fc4
2694,sample246_e8541fc4,sample005_a84d1a77
2695,sample246_e8541fc4,sample006_fe39613e
2696,sample246_e8541fc4,sample007_6d0d70d7
2697,sample246_e8541fc4,sample008_056930c5
2698,sample246_e8541fc4,sample009_36a064d0
2699,sample246_e8541fc4,sample010_86c5159a
2700,sample001_3c29c5ba,sample247_388ecf10
2701,sample247_388ecf10,sample002_4e908fd2
2702,sample003_627b76ff,sample247_388ecf10
2703,sample247_388ecf10,sample004_a72e2802
2704,sample247_388ecf10,sample005_a84d1a77
2705,sample247_388ecf10,sample006_fe39613e
2706,sample247_388ecf10,sample007_6d0d70d7
2707,sample247_388ecf10,sample008_056930c5
2708,sample247_388ecf10,sample009_36a064d0
2709,sample010_86c5159a,sample247_388ecf10
2710,sample248_79b27f7d,sample001_3c29c5ba
2711,sample248_79b27f7d,sample002_4e908fd2
2712,sample003_627b76ff,sample248_79b27f7d
2713,sample004_a72e2802,sample248_79b27f7d
2714,sample005_a84d1a77,sample248_79b27f7d
2715,sample248_79b27f7d,sample006_fe39613e
2716,sample007_6d0d70d7,sample248_79b27f7d
2717,sample008_056930c5,sample248_79b27f7d
2718,sample009_36a064d0,sample248_79b27f7d
2719,sample248_79b27f7d,sample010_86c5159a
2720,sample005_a84d1a77,sample001_3c29c5ba
2721,sample001_3c29c5ba,sample005_a84d1a77
2722,sample001_3c29c5ba,sample003_627b76ff
2723,sample001_3c29c5ba,sample003_627b76ff
2724,sample006_fe39613e,sample001_3c29c5ba
2725,sample006_fe39613e,sample001_3c29c5ba
2726,sample010_86c5159a,sample002_4e908fd2
2727,sample010_86c5159a,sample002_4e908fd2
2728,sample008_056930c5,sample002_4e908fd2
2729,sample002_4e908fd2,sample008_056930c5
2730,sample007_6d0d70d7,sample002_4e908fd2
2731,sample007_6d0d70d7,sample002_4e908fd2
2732,sample003_627b76ff,sample007_6d0d70d7
2733,sample003_627b76ff,sample007_6d0d70d7
2734,sample003_627b76ff,sample008_056930c5
2735,sample008_056930c5,sample003_627b76ff
2736,sample010_86c5159a,sample003_627b76ff
2737,sample010_86c5159a,sample003_627b76ff
2738,sample010_86c5159a,sample004_a72e2802
2739,sample010_86c5159a,sample004_a72e2802
2740,sample004_a72e2802,sample001_3c29c5ba
2741,sample004_a72e2802,sample001_3c29c5ba
2742,sample006_fe39613e,sample004_a72e2802
2743,sample006_fe39613e,sample004_a72e2802
2744,sample008_056930c5,sample005_a84d1a77
2745,sample008_056930c5,sample005_a84d1a77
2746,sample007_6d0d70d7,sample005_a84d1a77
2747,sample007_6d0d70d7,sample005_a84d1a77
2748,sample005_a84d1a77,sample006_fe39613e
2749,sample006_fe39613e,sample005_a84d1a77
2750,sample009_36a064d0,sample006_fe39613e
2751,sample006_fe39613e,sample009_36a064d0
2752,sample006_fe39613e,sample007_6d0d70d7
2753,sample006_fe39613e,sample007_6d0d70d7
2754,sample009_36a064d0,sample007_6d0d70d7
2755,sample009_36a064d0,sample007_6d0d70d7
2756,sample007_946106c1,sample006_fe39613e
2757,sample006_fe39613e,sample007_946106c1
2758,sample007_946106c1,sample002_4e908fd2
2759,sample002_4e908fd2,sample007_946106c1
2760,sample010_86c5159a,sample007_946106c1
2761,sample007_946106c1,sample010_86c5159a
2762,sample008_056930c5,sample004_a72e2802
2763,sample008_056930c5,sample004_a72e2802
2764,sample009_36a064d0,sample008_056930c5
2765,sample009_36a064d0,sample008_056930c5
2766,sample005_a84d1a77,sample009_36a064d0
2767,sample005_a84d1a77,sample009_36a064d0
2768,sample010_86c5159a,sample009_8fec8452
2769,sample009_8fec8452,sample010_86c5159a
2770,sample009_8fec8452,sample006_fe39613e
2771,sample009_8fec8452,sample006_fe39613e
2772,sample005_a84d1a77,sample009_8fec8452
2773,sample005_a84d1a77,sample009_8fec8452
2774,sample010_86c5159a,sample007_6d0d70d7
2775,sample010_86c5159a,sample007_6d0d70d7
2776,sample005_a84d1a77,sample010_86c5159a
2777,sample010_86c5159a,sample005_a84d1a77
2778,sample001_3c29c5ba,sample010_86c5159a
2779,sample001_3c29c5ba,sample010_86c5159a
2780,sample011_25be81fc,sample002_4e908fd2
2781,sample002_4e908fd2,sample011_25be81fc
2782,sample011_25be81fc,sample004_a72e2802
2783,sample011_25be81fc,sample004_a72e2802
2784,sample011_25be81fc,sample001_3c29c5ba
2785,sample001_3c29c5ba,sample011_25be81fc
2786,sample012_1a3238c3,sample003_627b76ff
2787,sample012_1a3238c3,sample003_627b76ff
2788,sample006_fe39613e,sample012_1a3238c3
2789,sample006_fe39613e,sample012_1a3238c3
2790,sample001_3c29c5ba,sample012_1a3238c3
2791,sample012_1a3238c3,sample001_3c29c5ba
2792,sample013_82d2cad9,sample008_056930c5
2793,sample013_82d2cad9,sample008_056930c5
2794,sample013_82d2cad9,sample001_3c29c5ba
2795,sample013_82d2cad9,sample001_3c29c5ba
2796,sample006_fe39613e,sample013_82d2cad9
2797,sample006_fe39613e,sample013_82d2cad9
2798,sample005_a84d1a77,sample014_ac17730c
2799,sample014_ac17730c,sample005_a84d1a77
2800,sample010_86c5159a,sample014_ac17730c
2801,sample010_86c5159a,sample014_ac17730c
2802,sample014_ac17730c,sample004_a72e2802
2803,sample014_ac17730c,sample004_a72e2802
2804,sample015_a93d8cfa,sample002_4e908fd2
2805,sample015_a93d8cfa,sample002_4e908fd2
2806,sample015_a93d8cfa,sample006_fe39613e
2807,sample006_fe39613e,sample015_a93d8cfa
2808,sample001_3c29c5ba,sample015_a93d8cfa
2809,sample001_3c29c5ba,sample015_a93d8cfa
2810,sample016_ac47e9d0,sample005_a84d1a77
2811,sample005_a84d1a77,sample016_ac47e9d0
2812,sample016_ac47e9d0,sample002_4e908fd2
2813,sample016_ac47e9d0,sample002_4e908fd2
2814,sample003_627b76ff,sample016_ac47e9d0
2815,sample016_ac47e9d0,sample003_627b76ff
2816,sample017_e847dff4,sample007_6d0d70d7
2817,sample017_e847dff4,sample007_6d0d70d7
2818,sample010_86c5159a,sample017_e847dff4
2819,sample017_e847dff4,sample010_86c5159a
2820,sample017_e847dff4,sample005_a84d1a77
2821,sample005_a84d1a77,sample017_e847dff4
2822,sample008_056930c5,sample018_c980f33d
2823,sample018_c980f33d,sample008_056930c5
2824,sample018_c980f33d,sample010_86c5159a
2825,sample010_86c5159a,sample018_c980f33d
2826,sample001_3c29c5ba,sample018_c980f33d
2827,sample001_3c29c5ba,sample018_c980f33d
2828,sample001_3c29c5ba,sample019_fb26ed47
2829,sample019_fb26ed47,sample001_3c29c5ba
2830,sample019_fb26ed47,sample006_fe39613e
2831,sample006_fe39613e,sample019_fb26ed47
2832,sample019_fb26ed47,sample010_86c5159a
2833,sample019_fb26ed47,sample010_86c5159a
2834,sample010_86c5159a,sample020_4a03fd2e
2835,sample010_86c5159a,sample020_4a03fd2e
2836,sample020_4a03fd2e,sample007_6d0d70d7
2837,sample020_4a03fd2e,sample007_6d0d70d7
2838,sample020_4a03fd2e,sample006_fe39613e
2839,sample020_4a03fd2e,sample006_fe39613e
2840,sample021_d21d4bb3,sample001_3c29c5ba
2841,sample021_d21d4bb3,sample001_3c29c5ba
2842,sample021_d21d4bb3,sample006_fe39613e
2843,sample021_d21d4bb3,sample006_fe39613e
2844,sample021_d21d4bb3,sample003_627b76ff
2845,sample021_d21d4bb3,sample003_627b76ff
2846,sample007_6d0d70d7,sample022_dab4ef06
2847,sample022_dab4ef06,sample007_6d0d70d7
2848,sample022_dab4ef06,sample010_86c5159a
2849,sample022_dab4ef06,sample010_86c5159a
2850,sample006_fe39613e,sample022_dab4ef06
2851,sample006_fe39613e,sample022_dab4ef06
2852,sample023_41c39e41,sample003_627b76ff
2853,sample003_627b76ff,sample023_41c39e41
2854,sample009_36a064d0,sample023_41c39e41
2855,sample023_41c39e41,sample009_36a064d0
2856,sample023_41c39e41,sample002_4e908fd2
2857,sample023_41c39e41,sample002_4e908fd2
2858,sample024_50e90c97,sample008_056930c5
2859,sample008_056930c5,sample024_50e90c97
2860,sample003_627b76ff,sample024_50e90c97
2861,sample003_627b76ff,sample024_50e90c97
2862,sample024_50e90c97,sample004_a72e2802
2863,sample004_a72e2802,sample024_50e90c97
2864,sample025_76911851,sample003_627b76ff
2865,sample003_627b76ff,sample025_76911851
2866,sample025_76911851,sample004_a72e2802
2867,sample025_76911851,sample004_a72e2802
2868,sample025_76911851,sample007_6d0d70d7
2869,sample007_6d0d70d7,sample025_76911851
2870,sample026_cce061cf,sample004_a72e2802
2871,sample004_a72e2802,sample026_cce061cf
2872,sample008_056930c5,sample026_cce061cf
2873,sample008_056930c5,sample026_cce061cf
2874,sample026_cce061cf,sample006_fe39613e
2875,sample006_fe39613e,sample026_cce061cf
2876,sample027_cd0faf20,sample004_a72e2802
2877,sample027_cd0faf20,sample004_a72e2802
2878,sample027_cd0faf20,sample007_6d0d70d7
2879,sample027_cd0faf20,sample007_6d0d70d7
2880,sample027_cd0faf20,sample001_3c29c5ba
2881,sample027_cd0faf20,sample001_3c29c5ba
2882,sample001_3c29c5ba,sample028_28cee35c
2883,sample001_3c29c5ba,sample028_28cee35c
2884,sample009_36a064d0,sample028_28cee35c
2885,sample009_36a064d0,sample028_28cee35c
2886,sample004_a72e2802,sample028_28cee35c
2887,sample028_28cee35c,sample004_a72e2802
2888,sample010_86c5159a,sample029_6457d3d0
2889,sample010_86c5159a,sample029_6457d3d0
2890,sample029_6457d3d0,sample001_3c29c5ba
2891,sample029_6457d3d0,sample001_3c29c5ba
2892,sample029_6457d3d0,sample002_4e908fd2
2893,sample002_4e908fd2,sample029_6457d3d0
2894,sample030_9732143a,sample010_86c5159a
2895,sample010_86c5159a,sample030_9732143a
2896,sample030_9732143a,sample007_6d0d70d7
2897,sample007_6d0d70d7,sample030_9732143a
2898,sample030_9732143a,sample009_36a064d0
2899,sample009_36a064d0,sample030_9732143a
2900,sample031_c4c1f623,sample004_a72e2802
2901,sample004_a72e2802,sample031_c4c1f623
2902,sample031_c4c1f623,sample002_4e908fd2
2903,sample031_c4c1f623,sample002_4e908fd2
2904,sample003_627b76ff,sample031_c4c1f623
2905,sample031_c4c1f623,sample003_627b76ff
2906,sample032_efba1c76,sample009_36a064d0
2907,sample032_efba1c76,sample009_36a064d0
2908,sample032_efba1c76,sample002_4e908fd2
2909,sample032_efba1c76,sample002_4e908fd2
2910,sample004_a72e2802,sample032_efba1c76
2911,sample004_a72e2802,sample032_efba1c76
2912,sample006_fe39613e,sample033_e451edf0
2913,sample033_e451edf0,sample006_fe39613e
2914,sample007_6d0d70d7,sample033_e451edf0
2915,sample007_6d0d70d7,sample033_e451edf0
2916,sample033_e451edf0,sample009_36a064d0
2917,sample009_36a064d0,sample033_e451edf0
2918,sample009_36a064d0,sample034_3c0550fc
2919,sample009_36a064d0,sample034_3c0550fc
2920,sample001_3c29c5ba,sample034_3c0550fc
2921,sample034_3c0550fc,sample001_3c29c5ba
2922,sample005_a84d1a77,sample034_3c0550fc
2923,sample005_a84d1a77,sample034_3c0550fc
2924,sample035_2729e0e2,sample001_3c29c5ba
2925,sample035_2729e0e2,sample001_3c29c5ba
2926,sample005_a84d1a77,sample035_2729e0e2
2927,sample005_a84d1a77,sample035_2729e0e2
2928,sample010_86c5159a,sample035_2729e0e2
2929,sample035_2729e0e2,sample010_86c5159a
2930,sample005_a84d1a77,sample036_c2d5e868
2931,sample005_a84d1a77,sample036_c2d5e868
2932,sample001_3c29c5ba,sample036_c2d5e868
2933,sample036_c2d5e868,sample001_3c29c5ba
2934,sample036_c2d5e868,sample003_627b76ff
2935,sample036_c2d5e868,sample003_627b76ff
2936,sample005_a84d1a77,sample037_79498522
2937,sample005_a84d1a77,sample037_79498522
2938,sample008_056930c5,sample037_79498522
2939,sample037_79498522,sample008_056930c5
2940,sample010_86c5159a,sample037_79498522
2941,sample010_86c5159a,sample037_79498522
2942,sample038_e6b5ca93,sample001_3c29c5ba
2943,sample038_e6b5ca93,sample001_3c29c5ba
2944,sample010_86c5159a,sample038_e6b5ca93
2945,sample010_86c5159a,sample038_e6b5ca93
2946,sample038_e6b5ca93,sample008_056930c5
2947,sample038_e6b5ca93,sample008_056930c5
2948,sample010_86c5159a,sample039_d5a20d17
2949,sample039_d5a20d17,sample010_86c5159a
2950,sample039_d5a20d17,sample002_4e908fd2
2951,sample002_4e908fd2,sample039_d5a20d17
2952,sample039_d5a20d17,sample008_056930c5
2953,sample008_056930c5,sample039_d5a20d17
2954,sample040_2bfbed5d,sample003_627b76ff
2955,sample003_627b76ff,sample040_2bfbed5d
2956,sample008_056930c5,sample040_2bfbed5d
2957,sample040_2bfbed5d,sample008_056930c5
2958,sample010_86c5159a,sample040_2bfbed5d
2959,sample040_2bfbed5d,sample010_86c5159a
2960,sample010_86c5159a,sample041_06592579
2961,sample010_86c5159a,sample041_06592579
2962,sample007_6d0d70d7,sample041_06592579
2963,sample041_06592579,sample007_6d0d70d7
2964,sample008_056930c5,sample041_06592579
2965,sample008_056930c5,sample041_06592579
2966,sample009_36a064d0,sample042_70ed032c
2967,sample042_70ed032c,sample009_36a064d0
2968,sample003_627b76ff,sample042_70ed032c
2969,sample042_70ed032c,sample003_627b76ff
2970,sample042_70ed032c,sample002_4e908fd2
2971,sample042_70ed032c,sample002_4e908fd2
2972,sample043_e99d768e,sample007_6d0d70d7
2973,sample002_4e908fd2,sample043_e99d768e
2974,sample002_4e908fd2,sample043_e99d768e
2975,sample043_e99d768e,sample004_a72e2802
2976,sample043_e99d768e,sample004_a72e2802
2977,sample044_e5a06143,sample001_3c29c5ba
2978,sample001_3c29c5ba,sample044_e5a06143
2979,sample009_36a064d0,sample044_e5a06143
2980,sample044_e5a06143,sample009_36a064d0
2981,sample044_e5a06143,sample008_056930c5
2982,sample044_e5a06143,sample008_056930c5
2983,sample045_14ac45b4,sample003_627b76ff
2984,sample045_14ac45b4,sample003_627b76ff
2985,sample004_a72e2802,sample045_14ac45b4
2986,sample004_a72e2802,sample045_14ac45b4
2987,sample045_14ac45b4,sample010_86c5159a
2988,sample045_14ac45b4,sample010_86c5159a
2989,sample005_a84d1a77,sample046_3dda9f49
2990,sample046_3dda9f49,sample005_a84d1a77
2991,sample003_627b76ff,sample046_3dda9f49
2992,sample003_627b76ff,sample046_3dda9f49
2993,sample046_3dda9f49,sample002_4e908fd2
2994,sample002_4e908fd2,sample046_3dda9f49
2995,sample003_627b76ff,sample047_2aff3b5d
2996,sample003_627b76ff,sample047_2aff3b5d
2997,sample047_2aff3b5d,sample005_a84d1a77
2998,sample047_2aff3b5d,sample005_a84d1a77
2999,sample047_2aff3b5d,sample004_a72e2802
3000,sample004_a72e2802,sample047_2aff3b5d
3001,sample048_e4494277,sample003_627b76ff
3002,sample003_627b76ff,sample048_e4494277
3003,sample006_fe39613e,sample048_e4494277
3004,sample006_fe39613e,sample048_e4494277
3005,sample048_e4494277,sample010_86c5159a
3006,sample010_86c5159a,sample048_e4494277
3007,sample008_056930c5,sample049_fae6bd3c
3008,sample008_056930c5,sample049_fae6bd3c
3009,sample049_fae6bd3c,sample002_4e908fd2
3010,sample002_4e908fd2,sample049_fae6bd3c
3011,sample049_fae6bd3c,sample006_fe39613e
3012,sample006_fe39613e,sample049_fae6bd3c
3013,sample050_4cbe8ba0,sample001_3c29c5ba
3014,sample050_4cbe8ba0,sample001_3c29c5ba
3015,sample002_4e908fd2,sample050_4cbe8ba0
3016,sample050_4cbe8ba0,sample002_4e908fd2
3017,sample050_4cbe8ba0,sample007_6d0d70d7
3018,sample007_6d0d70d7,sample050_4cbe8ba0
3019,sample006_fe39613e,sample051_cadff688
3020,sample051_cadff688,sample006_fe39613e
3021,sample051_cadff688,sample009_36a064d0
3022,sample051_cadff688,sample009_36a064d0
3023,sample051_cadff688,sample003_627b76ff
3024,sample051_cadff688,sample003_627b76ff
3025,sample052_bcf1cb6d,sample002_4e908fd2
3026,sample052_bcf1cb6d,sample002_4e908fd2
3027,sample003_627b76ff,sample052_bcf1cb6d
3028,sample003_627b76ff,sample052_bcf1cb6d
3029,sample008_056930c5,sample052_bcf1cb6d
3030,sample052_bcf1cb6d,sample008_056930c5
3031,sample001_3c29c5ba,sample053_a2bad463
3032,sample053_a2bad463,sample001_3c29c5ba
3033,sample004_a72e2802,sample053_a2bad463
3034,sample004_a72e2802,sample053_a2bad463
3035,sample010_86c5159a,sample053_a2bad463
3036,sample053_a2bad463,sample010_86c5159a
3037,sample001_3c29c5ba,sample054_ecc70f99
3038,sample054_ecc70f99,sample001_3c29c5ba
3039,sample054_ecc70f99,sample007_6d0d70d7
3040,sample054_ecc70f99,sample007_6d0d70d7
3041,sample009_36a064d0,sample054_ecc70f99
3042,sample054_ecc70f99,sample009_36a064d0
3043,sample055_fb292964,sample004_a72e2802
3044,sample004_a72e2802,sample055_fb292964
3045,sample006_fe39613e,sample055_fb292964
3046,sample006_fe39613e,sample055_fb292964
3047,sample055_fb292964,sample002_4e908fd2
3048,sample002_4e908fd2,sample055_fb292964
3049,sample056_f521058f,sample008_056930c5
3050,sample056_f521058f,sample008_056930c5
3051,sample004_a72e2802,sample056_f521058f
3052,sample056_f521058f,sample004_a72e2802
3053,sample056_f521058f,sample006_fe39613e
3054,sample006_fe39613e,sample056_f521058f
3055,sample003_627b76ff,sample057_29b21bea
3056,sample057_29b21bea,sample003_627b76ff
3057,sample057_29b21bea,sample001_3c29c5ba
3058,sample057_29b21bea,sample001_3c29c5ba
3059,sample057_29b21bea,sample005_a84d1a77
3060,sample005_a84d1a77,sample057_29b21bea
3061,sample058_30b13499,sample010_86c5159a
3062,sample010_86c5159a,sample058_30b13499
3063,sample058_30b13499,sample006_fe39613e
3064,sample006_fe39613e,sample058_30b13499
3065,sample058_30b13499,sample009_36a064d0
3066,sample009_36a064d0,sample058_30b13499
3067,sample059_ea36c31b,sample002_4e908fd2
3068,sample002_4e908fd2,sample059_ea36c31b
3069,sample059_ea36c31b,sample010_86c5159a
3070,sample010_86c5159a,sample059_ea36c31b
3071,sample059_ea36c31b,sample005_a84d1a77
3072,sample059_ea36c31b,sample005_a84d1a77
3073,sample060_c4420875,sample004_a72e2802
3074,sample060_c4420875,sample004_a72e2802
3075,sample001_3c29c5ba,sample060_c4420875
3076,sample060_c4420875,sample001_3c29c5ba
3077,sample060_c4420875,sample008_056930c5
3078,sample060_c4420875,sample008_056930c5
3079,sample061_cdf92033,sample010_86c5159a
3080,sample010_86c5159a,sample061_cdf92033
3081,sample009_36a064d0,sample061_cdf92033
3082,sample061_cdf92033,sample009_36a064d0
3083,sample005_a84d1a77,sample061_cdf92033
3084,sample005_a84d1a77,sample061_cdf92033
3085,sample002_4e908fd2,sample062_daaf900c
3086,sample062_daaf900c,sample002_4e908fd2
3087,sample062_daaf900c,sample004_a72e2802
3088,sample062_daaf900c,sample004_a72e2802
3089,sample010_86c5159a,sample062_daaf900c
3090,sample062_daaf900c,sample010_86c5159a
3091,sample063_768a6a1b,sample004_a72e2802
3092,sample063_768a6a1b,sample004_a72e2802
3093,sample063_768a6a1b,sample003_627b76ff
3094,sample063_768a6a1b,sample003_627b76ff
3095,sample063_768a6a1b,sample005_a84d1a77
3096,sample063_768a6a1b,sample005_a84d1a77
3097,sample008_056930c5,sample064_0b854809
3098,sample064_0b854809,sample008_056930c5
3099,sample005_a84d1a77,sample064_0b854809
3100,sample064_0b854809,sample005_a84d1a77
3101,sample064_0b854809,sample009_36a064d0
3102,sample064_0b854809,sample009_36a064d0
3103,sample001_3c29c5ba,sample065_f352d7d0
3104,sample065_f352d7d0,sample001_3c29c5ba
3105,sample005_a84d1a77,sample065_f352d7d0
3106,sample065_f352d7d0,sample005_a84d1a77
3107,sample004_a72e2802,sample065_f352d7d0
3108,sample065_f352d7d0,sample004_a72e2802
3109,sample066_f9dcce53,sample002_4e908fd2
3110,sample066_f9dcce53,sample002_4e908fd2
3111,sample066_f9dcce53,sample008_056930c5
3112,sample008_056930c5,sample066_f9dcce53
3113,sample066_f9dcce53,sample009_36a064d0
3114,sample009_36a064d0,sample066_f9dcce53
3115,sample067_224b9d42,sample008_056930c5
3116,sample067_224b9d42,sample008_056930c5
3117,sample067_224b9d42,sample004_a72e2802
3118,sample067_224b9d42,sample004_a72e2802
3119,sample009_36a064d0,sample067_224b9d42
3120,sample067_224b9d42,sample009_36a064d0
3121,sample068_f841a2c6,sample008_056930c5
3122,sample008_056930c5,sample068_f841a2c6
3123,sample007_6d0d70d7,sample068_f841a2c6
3124,sample068_f841a2c6,sample007_6d0d70d7
3125,sample068_f841a2c6,sample009_36a064d0
3126,sample009_36a064d0,sample068_f841a2c6
3127,sample004_a72e2802,sample069_5cae6d79
3128,sample004_a72e2802,sample069_5cae6d79
3129,sample003_627b76ff,sample069_5cae6d79
3130,sample069_5cae6d79,sample003_627b76ff
3131,sample010_86c5159a,sample069_5cae6d79
3132,sample069_5cae6d79,sample010_86c5159a
3133,sample002_4e908fd2,sample070_ecd1d324
3134,sample002_4e908fd2,sample070_ecd1d324
3135,sample006_fe39613e,sample070_ecd1d324
3136,sample070_ecd1d324,sample006_fe39613e
3137,sample070_ecd1d324,sample010_86c5159a
3138,sample070_ecd1d324,sample010_86c5159a
3139,sample001_3c29c5ba,sample071_1e1cdb9c
3140,sample071_1e1cdb9c,sample001_3c29c5ba
3141,sample005_a84d1a77,sample071_1e1cdb9c
3142,sample005_a84d1a77,sample071_1e1cdb9c
3143,sample007_6d0d70d7,sample071_1e1cdb9c
3144,sample007_6d0d70d7,sample071_1e1cdb9c
3145,sample072_ca368684,sample006_fe39613e
3146,sample072_ca368684,sample006_fe39613e
3147,sample002_4e908fd2,sample072_ca368684
3148,sample002_4e908fd2,sample072_ca368684
3149,sample072_ca368684,sample009_36a064d0
3150,sample009_36a064d0,sample072_ca368684
3151,sample073_a3f37a12,sample005_a84d1a77
3152,sample073_a3f37a12,sample005_a84d1a77
3153,sample073_a3f37a12,sample009_36a064d0
3154,sample009_36a064d0,sample073_a3f37a12
3155,sample073_a3f37a12,sample002_4e908fd2
3156,sample002_4e908fd2,sample073_a3f37a12
3157,sample002_4e908fd2,sample074_0d740677
3158,sample074_0d740677,sample002_4e908fd2
3159,sample074_0d740677,sample008_056930c5
3160,sample008_056930c5,sample074_0d740677
3161,sample074_0d740677,sample004_a72e2802
3162,sample074_0d740677,sample004_a72e2802
3163,sample075_4764b9a3,sample007_6d0d70d7
3164,sample007_6d0d70d7,sample075_4764b9a3
3165,sample005_a84d1a77,sample075_4764b9a3
3166,sample005_a84d1a77,sample075_4764b9a3
3167,sample075_4764b9a3,sample008_056930c5
3168,sample008_056930c5,sample075_4764b9a3
3169,sample008_056930c5,sample076_2a6025df
3170,sample076_2a6025df,sample008_056930c5
3171,sample010_86c5159a,sample076_2a6025df
3172,sample010_86c5159a,sample076_2a6025df
3173,sample076_2a6025df,sample005_a84d1a77
3174,sample005_a84d1a77,sample076_2a6025df
3175,sample001_3c29c5ba,sample077_0b68117f
3176,sample077_0b68117f,sample001_3c29c5ba
3177,sample077_0b68117f,sample004_a72e2802
3178,sample004_a72e2802,sample077_0b68117f
3179,sample002_4e908fd2,sample077_0b68117f
3180,sample002_4e908fd2,sample077_0b68117f
3181,sample008_056930c5,sample078_5b8ec916
3182,sample008_056930c5,sample078_5b8ec916
3183,sample078_5b8ec916,sample004_a72e2802
3184,sample004_a72e2802,sample078_5b8ec916
3185,sample006_fe39613e,sample078_5b8ec916
3186,sample078_5b8ec916,sample006_fe39613e
3187,sample005_a84d1a77,sample079_906be0f9
3188,sample079_906be0f9,sample005_a84d1a77
3189,sample004_a72e2802,sample079_906be0f9
3190,sample079_906be0f9,sample004_a72e2802
3191,sample009_36a064d0,sample079_906be0f9
3192,sample009_36a064d0,sample079_906be0f9
3193,sample004_a72e2802,sample080_20eca9e0
3194,sample080_20eca9e0,sample004_a72e2802
3195,sample010_86c5159a,sample080_20eca9e0
3196,sample010_86c5159a,sample080_20eca9e0
3197,sample008_056930c5,sample080_20eca9e0
3198,sample080_20eca9e0,sample008_056930c5
3199,sample006_fe39613e,sample081_44c869d5
3200,sample081_44c869d5,sample006_fe39613e
3201,sample008_056930c5,sample081_44c869d5
3202,sample008_056930c5,sample081_44c869d5
3203,sample002_4e908fd2,sample081_44c869d5
3204,sample081_44c869d5,sample002_4e908fd2
3205,sample082_1b5867e7,sample005_a84d1a77
3206,sample082_1b5867e7,sample005_a84d1a77
3207,sample009_36a064d0,sample082_1b5867e7
3208,sample082_1b5867e7,sample009_36a064d0
3209,sample003_627b76ff,sample082_1b5867e7
3210,sample003_627b76ff,sample082_1b5867e7
3211,sample003_627b76ff,sample083_f5ef4dc7
3212,sample083_f5ef4dc7,sample003_627b76ff
3213,sample010_86c5159a,sample083_f5ef4dc7
3214,sample083_f5ef4dc7,sample010_86c5159a
3215,sample009_36a064d0,sample083_f5ef4dc7
3216,sample083_f5ef4dc7,sample009_36a064d0
3217,sample002_4e908fd2,sample084_c70d4e6b
3218,sample002_4e908fd2,sample084_c70d4e6b
3219,sample084_c70d4e6b,sample005_a84d1a77
3220,sample084_c70d4e6b,sample005_a84d1a77
3221,sample007_6d0d70d7,sample084_c70d4e6b
3222,sample007_6d0d70d7,sample084_c70d4e6b
3223,sample085_dd90578a,sample003_627b76ff
3224,sample085_dd90578a,sample003_627b76ff
3225,sample007_6d0d70d7,sample085_dd90578a
3226,sample007_6d0d70d7,sample085_dd90578a
3227,sample085_dd90578a,sample008_056930c5
3228,sample085_dd90578a,sample008_056930c5
3229,sample086_fc6b25d7,sample005_a84d1a77
3230,sample086_fc6b25d7,sample005_a84d1a77
3231,sample086_fc6b25d7,sample007_6d0d70d7
3232,sample086_fc6b25d7,sample007_6d0d70d7
3233,sample086_fc6b25d7,sample003_627b76ff
3234,sample003_627b76ff,sample086_fc6b25d7
3235,sample087_61baefa8,sample004_a72e2802
3236,sample087_61baefa8,sample004_a72e2802
3237,sample002_4e908fd2,sample087_61baefa8
3238,sample002_4e908fd2,sample087_61baefa8
3239,sample001_3c29c5ba,sample087_61baefa8
3240,sample087_61baefa8,sample001_3c29c5ba
3241,sample088_4f85a4f9,sample009_36a064d0
3242,sample088_4f85a4f9,sample009_36a064d0
3243,sample088_4f85a4f9,sample006_fe39613e
3244,sample006_fe39613e,sample088_4f85a4f9
3245,sample088_4f85a4f9,sample005_a84d1a77
3246,sample088_4f85a4f9,sample005_a84d1a77
3247,sample089_101bfe11,sample004_a72e2802
3248,sample089_101bfe11,sample004_a72e2802
3249,sample009_36a064d0,sample089_101bfe11
3250,sample089_101bfe11,sample009_36a064d0
3251,sample089_101bfe11,sample006_fe39613e
3252,sample006_fe39613e,sample089_101bfe11
3253,sample090_e7880a98,sample004_a72e2802
3254,sample090_e7880a98,sample004_a72e2802
3255,sample090_e7880a98,sample006_fe39613e
3256,sample006_fe39613e,sample090_e7880a98
3257,sample002_4e908fd2,sample090_e7880a98
3258,sample002_4e908fd2,sample090_e7880a98
3259,sample091_671e5ef1,sample003_627b76ff
3260,sample003_627b76ff,sample091_671e5ef1
3261,sample091_671e5ef1,sample007_6d0d70d7
3262,sample007_6d0d70d7,sample091_671e5ef1
3263,sample008_056930c5,sample091_671e5ef1
3264,sample008_056930c5,sample091_671e5ef1
3265,sample092_7e1324ef,sample002_4e908fd2
3266,sample092_7e1324ef,sample002_4e908fd2
3267,sample092_7e1324ef,sample001_3c29c5ba
3268,sample092_7e1324ef,sample001_3c29c5ba
3269,sample092_7e1324ef,sample005_a84d1a77
3270,sample092_7e1324ef,sample005_a84d1a77
3271,sample093_1c1b1da8,sample002_4e908fd2
3272,sample093_1c1b1da8,sample002_4e908fd2
3273,sample093_1c1b1da8,sample006_fe39613e
3274,sample093_1c1b1da8,sample006_fe39613e
3275,sample093_1c1b1da8,sample004_a72e2802
3276,sample004_a72e2802,sample093_1c1b1da8
3277,sample010_86c5159a,sample094_6fbee84a
3278,sample094_6fbee84a,sample010_86c5159a
3279,sample002_4e908fd2,sample094_6fbee84a
3280,sample002_4e908fd2,sample094_6fbee84a
3281,sample094_6fbee84a,sample007_6d0d70d7
3282,sample094_6fbee84a,sample007_6d0d70d7
3283,sample001_3c29c5ba,sample095_039a7b60
3284,sample001_3c29c5ba,sample095_039a7b60
3285,sample007_6d0d70d7,sample095_039a7b60
3286,sample007_6d0d70d7,sample095_039a7b60
3287,sample004_a72e2802,sample095_039a7b60
3288,sample095_039a7b60,sample004_a72e2802
3289,sample006_fe39613e,sample096_11e92880
3290,sample006_fe39613e,sample096_11e92880
3291,sample096_11e92880,sample003_627b76ff
3292,sample096_11e92880,sample003_627b76ff
3293,sample096_11e92880,sample001_3c29c5ba
3294,sample096_11e92880,sample001_3c29c5ba
3295,sample005_a84d1a77,sample097_0a02c41a
3296,sample097_0a02c41a,sample005_a84d1a77
3297,sample097_0a02c41a,sample008_056930c5
3298,sample008_056930c5,sample097_0a02c41a
3299,sample097_0a02c41a,sample003_627b76ff
3300,sample003_627b76ff,sample097_0a02c41a
3301,sample098_f5a9d2bc,sample005_a84d1a77
3302,sample005_a84d1a77,sample098_f5a9d2bc
3303,sample001_3c29c5ba,sample098_f5a9d2bc
3304,sample001_3c29c5ba,sample098_f5a9d2bc
3305,sample007_6d0d70d7,sample098_f5a9d2bc
3306,sample098_f5a9d2bc,sample007_6d0d70d7
3307,sample005_a84d1a77,sample099_122a179d
3308,sample099_122a179d,sample005_a84d1a77
3309,sample010_86c5159a,sample099_122a179d
3310,sample010_86c5159a,sample099_122a179d
3311,sample003_627b76ff,sample099_122a179d
3312,sample099_122a179d,sample003_627b76ff
3313,sample002_4e908fd2,sample100_7eeb677c
3314,sample002_4e908fd2,sample100_7eeb677c
3315,sample100_7eeb677c,sample001_3c29c5ba
3316,sample001_3c29c5ba,sample100_7eeb677c
3317,sample009_36a064d0,sample100_7eeb677c
3318,sample009_36a064d0,sample100_7eeb677c
3319,sample010_86c5159a,sample101_fae0484f
3320,sample010_86c5159a,sample101_fae0484f
3321,sample101_fae0484f,sample004_a72e2802
3322,sample004_a72e2802,sample101_fae0484f
3323,sample101_fae0484f,sample005_a84d1a77
3324,sample101_fae0484f,sample005_a84d1a77
3325,sample002_4e908fd2,sample102_436dc55f
3326,sample102_436dc55f,sample002_4e908fd2
3327,sample102_436dc55f,sample005_a84d1a77
3328,sample005_a84d1a77,sample102_436dc55f
3329,sample102_436dc55f,sample009_36a064d0
3330,sample102_436dc55f,sample009_36a064d0
3331,sample103_540aea48,sample008_056930c5
3332,sample103_540aea48,sample008_056930c5
3333,sample009_36a064d0,sample103_540aea48
3334,sample103_540aea48,sample009_36a064d0
3335,sample010_86c5159a,sample103_540aea48
3336,sample010_86c5159a,sample103_540aea48
3337,sample104_e61bf93a,sample005_a84d1a77
3338,sample005_a84d1a77,sample104_e61bf93a
3339,sample009_36a064d0,sample104_e61bf93a
3340,sample009_36a064d0,sample104_e61bf93a
3341,sample006_fe39613e,sample104_e61bf93a
3342,sample104_e61bf93a,sample006_fe39613e
3343,sample105_f7a5e5bd,sample005_a84d1a77
3344,sample105_f7a5e5bd,sample008_056930c5
3345,sample105_f7a5e5bd,sample008_056930c5
3346,sample004_a72e2802,sample105_f7a5e5bd
3347,sample105_f7a5e5bd,sample004_a72e2802
3348,sample106_56fd4274,sample002_4e908fd2
3349,sample106_56fd4274,sample002_4e908fd2
3350,sample003_627b76ff,sample106_56fd4274
3351,sample003_627b76ff,sample106_56fd4274
3352,sample106_56fd4274,sample009_36a064d0
3353,sample106_56fd4274,sample009_36a064d0
3354,sample107_a38717d4,sample003_627b76ff
3355,sample003_627b76ff,sample107_a38717d4
3356,sample002_4e908fd2,sample107_a38717d4
3357,sample107_a38717d4,sample002_4e908fd2
3358,sample107_a38717d4,sample004_a72e2802
3359,sample004_a72e2802,sample107_a38717d4
3360,sample010_86c5159a,sample108_d2b794a9
3361,sample108_d2b794a9,sample010_86c5159a
3362,sample004_a72e2802,sample108_d2b794a9
3363,sample004_a72e2802,sample108_d2b794a9
3364,sample007_6d0d70d7,sample108_d2b794a9
3365,sample007_6d0d70d7,sample108_d2b794a9
3366,sample004_a72e2802,sample109_2f2d8c0a
3367,sample004_a72e2802,sample109_2f2d8c0a
3368,sample109_2f2d8c0a,sample008_056930c5
3369,sample109_2f2d8c0a,sample008_056930c5
3370,sample001_3c29c5ba,sample109_2f2d8c0a
3371,sample001_3c29c5ba,sample109_2f2d8c0a
3372,sample110_8e91af50,sample002_4e908fd2
3373,sample110_8e91af50,sample002_4e908fd2
3374,sample003_627b76ff,sample110_8e91af50
3375,sample003_627b76ff,sample110_8e91af50
3376,sample005_a84d1a77,sample110_8e91af50
3377,sample005_a84d1a77,sample110_8e91af50
3378,sample001_3c29c5ba,sample111_4737c4d2
3379,sample111_4737c4d2,sample001_3c29c5ba
3380,sample111_4737c4d2,sample009_36a064d0
3381,sample111_4737c4d2,sample009_36a064d0
3382,sample111_4737c4d2,sample004_a72e2802
3383,sample004_a72e2802,sample111_4737c4d2
3384,sample004_a72e2802,sample112_44add070
3385,sample112_44add070,sample004_a72e2802
3386,sample112_44add070,sample008_056930c5
3387,sample112_44add070,sample008_056930c5
3388,sample112_44add070,sample009_36a064d0
3389,sample112_44add070,sample009_36a064d0
3390,sample002_4e908fd2,sample113_8ada680d
3391,sample113_8ada680d,sample002_4e908fd2
3392,sample006_fe39613e,sample113_8ada680d
3393,sample006_fe39613e,sample113_8ada680d
3394,sample113_8ada680d,sample004_a72e2802
3395,sample113_8ada680d,sample004_a72e2802
3396,sample005_a84d1a77,sample114_fdb345bb
3397,sample114_fdb345bb,sample005_a84d1a77
3398,sample008_056930c5,sample114_fdb345bb
3399,sample114_fdb345bb,sample008_056930c5
3400,sample010_86c5159a,sample114_fdb345bb
3401,sample010_86c5159a,sample114_fdb345bb
3402,sample115_2bd91ef1,sample008_056930c5
3403,sample115_2bd91ef1,sample008_056930c5
3404,sample115_2bd91ef1,sample009_36a064d0
3405,sample009_36a064d0,sample115_2bd91ef1
3406,sample115_2bd91ef1,sample001_3c29c5ba
3407,sample115_2bd91ef1,sample001_3c29c5ba
3408,sample003_627b76ff,sample116_e242d5ac
3409,sample003_627b76ff,sample116_e242d5ac
3410,sample001_3c29c5ba,sample116_e242d5ac
3411,sample116_e242d5ac,sample001_3c29c5ba
3412,sample005_a84d1a77,sample116_e242d5ac
3413,sample116_e242d5ac,sample005_a84d1a77
3414,sample117_4997d25a,sample006_fe39613e
3415,sample117_4997d25a,sample006_fe39613e
3416,sample010_86c5159a,sample117_4997d25a
3417,sample010_86c5159a,sample117_4997d25a
3418,sample117_4997d25a,sample002_4e908fd2
3419,sample002_4e908fd2,sample117_4997d25a
3420,sample118_96a1642f,sample004_a72e2802
3421,sample004_a72e2802,sample118_96a1642f
3422,sample005_a84d1a77,sample118_96a1642f
3423,sample005_a84d1a77,sample118_96a1642f
3424,sample118_96a1642f,sample007_6d0d70d7
3425,sample118_96a1642f,sample007_6d0d70d7
3426,sample005_a84d1a77,sample119_a4f7dd43
3427,sample005_a84d1a77,sample119_a4f7dd43
3428,sample119_a4f7dd43,sample002_4e908fd2
3429,sample002_4e908fd2,sample119_a4f7dd43
3430,sample119_a4f7dd43,sample008_056930c5
3431,sample008_056930c5,sample119_a4f7dd43
3432,sample001_3c29c5ba,sample120_df4b6c69
3433,sample001_3c29c5ba,sample120_df4b6c69
3434,sample003_627b76ff,sample120_df4b6c69
3435,sample120_df4b6c69,sample003_627b76ff
3436,sample006_fe39613e,sample120_df4b6c69
3437,sample120_df4b6c69,sample006_fe39613e
3438,sample121_76bcb529,sample004_a72e2802
3439,sample004_a72e2802,sample121_76bcb529
3440,sample006_fe39613e,sample121_76bcb529
3441,sample121_76bcb529,sample006_fe39613e
3442,sample002_4e908fd2,sample121_76bcb529
3443,sample002_4e908fd2,sample121_76bcb529
3444,sample009_36a064d0,sample122_e1166b1d
3445,sample009_36a064d0,sample122_e1166b1d
3446,sample004_a72e2802,sample122_e1166b1d
3447,sample122_e1166b1d,sample004_a72e2802
3448,sample005_a84d1a77,sample122_e1166b1d
3449,sample005_a84d1a77,sample122_e1166b1d
3450,sample009_36a064d0,sample123_fc41e8f2
3451,sample123_fc41e8f2,sample009_36a064d0
3452,sample008_056930c5,sample123_fc41e8f2
3453,sample008_056930c5,sample123_fc41e8f2
3454,sample123_fc41e8f2,sample002_4e908fd2
3455,sample123_fc41e8f2,sample002_4e908fd2
3456,sample010_86c5159a,sample124_3f5d1a8c
3457,sample010_86c5159a,sample124_3f5d1a8c
3458,sample004_a72e2802,sample124_3f5d1a8c
3459,sample124_3f5d1a8c,sample004_a72e2802
3460,sample124_3f5d1a8c,sample007_6d0d70d7
3461,sample124_3f5d1a8c,sample007_6d0d70d7
3462,sample125_1b5a54f4,sample002_4e908fd2
3463,sample002_4e908fd2,sample125_1b5a54f4
3464,sample005_a84d1a77,sample125_1b5a54f4
3465,sample005_a84d1a77,sample125_1b5a54f4
3466,sample003_627b76ff,sample125_1b5a54f4
3467,sample125_1b5a54f4,sample003_627b76ff
3468,sample126_ff7c90d7,sample005_a84d1a77
3469,sample126_ff7c90d7,sample005_a84d1a77
3470,sample009_36a064d0,sample126_ff7c90d7
3471,sample126_ff7c90d7,sample009_36a064d0
3472,sample126_ff7c90d7,sample008_056930c5
3473,sample008_056930c5,sample126_ff7c90d7
3474,sample127_7d7b8f84,sample009_36a064d0
3475,sample127_7d7b8f84,sample009_36a064d0
3476,sample127_7d7b8f84,sample002_4e908fd2
3477,sample002_4e908fd2,sample127_7d7b8f84
3478,sample127_7d7b8f84,sample007_6d0d70d7
3479,sample127_7d7b8f84,sample007_6d0d70d7
3480,sample128_3857eff1,sample007_6d0d70d7
3481,sample007_6d0d70d7,sample128_3857eff1
3482,sample128_3857eff1,sample002_4e908fd2
3483,sample128_3857eff1,sample002_4e908fd2
3484,sample128_3857eff1,sample001_3c29c5ba
3485,sample128_3857eff1,sample001_3c29c5ba
3486,sample129_f22c6f56,sample002_4e908fd2
3487,sample129_f22c6f56,sample002_4e908fd2
3488,sample010_86c5159a,sample129_f22c6f56
3489,sample010_86c5159a,sample129_f22c6f56
3490,sample001_3c29c5ba,sample129_f22c6f56
3491,sample001_3c29c5ba,sample129_f22c6f56
3492,sample130_ed256ee8,sample010_86c5159a
3493,sample010_86c5159a,sample130_ed256ee8
3494,sample004_a72e2802,sample130_ed256ee8
3495,sample004_a72e2802,sample130_ed256ee8
3496,sample005_a84d1a77,sample130_ed256ee8
3497,sample005_a84d1a77,sample130_ed256ee8
3498,sample131_26551668,sample005_a84d1a77
3499,sample131_26551668,sample005_a84d1a77
3500,sample131_26551668,sample006_fe39613e
3501,sample006_fe39613e,sample131_26551668
3502,sample131_26551668,sample009_36a064d0
3503,sample009_36a064d0,sample131_26551668
3504,sample007_6d0d70d7,sample132_f2c32289
3505,sample132_f2c32289,sample007_6d0d70d7
3506,sample132_f2c32289,sample001_3c29c5ba
3507,sample001_3c29c5ba,sample132_f2c32289
3508,sample003_627b76ff,sample132_f2c32289
3509,sample003_627b76ff,sample132_f2c32289
3510,sample133_a07c1913,sample005_a84d1a77
3511,sample005_a84d1a77,sample133_a07c1913
3512,sample133_a07c1913,sample008_056930c5
3513,sample008_056930c5,sample133_a07c1913
3514,sample010_86c5159a,sample133_a07c1913
3515,sample133_a07c1913,sample010_86c5159a
3516,sample003_627b76ff,sample134_0b972e44
3517,sample134_0b972e44,sample003_627b76ff
3518,sample006_fe39613e,sample134_0b972e44
3519,sample006_fe39613e,sample134_0b972e44
3520,sample009_36a064d0,sample134_0b972e44
3521,sample009_36a064d0,sample134_0b972e44
3522,sample135_743c9b1f,sample003_627b76ff
3523,sample003_627b76ff,sample135_743c9b1f
3524,sample135_743c9b1f,sample006_fe39613e
3525,sample135_743c9b1f,sample006_fe39613e
3526,sample135_743c9b1f,sample002_4e908fd2
3527,sample002_4e908fd2,sample135_743c9b1f
3528,sample006_fe39613e,sample136_390f0707
3529,sample006_fe39613e,sample136_390f0707
3530,sample002_4e908fd2,sample136_390f0707
3531,sample136_390f0707,sample002_4e908fd2
3532,sample136_390f0707,sample007_6d0d70d7
3533,sample004_a72e2802,sample137_f533bb44
3534,sample137_f533bb44,sample004_a72e2802
3535,sample137_f533bb44,sample005_a84d1a77
3536,sample005_a84d1a77,sample137_f533bb44
3537,sample137_f533bb44,sample001_3c29c5ba
3538,sample137_f533bb44,sample001_3c29c5ba
3539,sample138_f46547e5,sample006_fe39613e
3540,sample138_f46547e5,sample006_fe39613e
3541,sample002_4e908fd2,sample138_f46547e5
3542,sample138_f46547e5,sample002_4e908fd2
3543,sample009_36a064d0,sample138_f46547e5
3544,sample138_f46547e5,sample009_36a064d0
3545,sample007_6d0d70d7,sample139_6badff7b
3546,sample007_6d0d70d7,sample139_6badff7b
3547,sample139_6badff7b,sample006_fe39613e
3548,sample139_6badff7b,sample006_fe39613e
3549,sample008_056930c5,sample139_6badff7b
3550,sample139_6badff7b,sample008_056930c5
3551,sample140_9355c8d3,sample004_a72e2802
3552,sample004_a72e2802,sample140_9355c8d3
3553,sample009_36a064d0,sample140_9355c8d3
3554,sample009_36a064d0,sample140_9355c8d3
3555,sample008_056930c5,sample140_9355c8d3
3556,sample008_056930c5,sample140_9355c8d3
3557,sample141_8b2cf3b6,sample005_a84d1a77
3558,sample005_a84d1a77,sample141_8b2cf3b6
3559,sample002_4e908fd2,sample141_8b2cf3b6
3560,sample141_8b2cf3b6,sample002_4e908fd2
3561,sample003_627b76ff,sample141_8b2cf3b6
3562,sample003_627b76ff,sample141_8b2cf3b6
3563,sample142_1985425c,sample005_a84d1a77
3564,sample142_1985425c,sample005_a84d1a77
3565,sample142_1985425c,sample008_056930c5
3566,sample142_1985425c,sample008_056930c5
3567,sample142_1985425c,sample010_86c5159a
3568,sample142_1985425c,sample010_86c5159a
3569,sample004_a72e2802,sample143_caa0315c
3570,sample004_a72e2802,sample143_caa0315c
3571,sample009_36a064d0,sample143_caa0315c
3572,sample009_36a064d0,sample143_caa0315c
3573,sample002_4e908fd2,sample143_caa0315c
3574,sample143_caa0315c,sample002_4e908fd2
3575,sample144_29c8262d,sample010_86c5159a
3576,sample144_29c8262d,sample010_86c5159a
3577,sample144_29c8262d,sample005_a84d1a77
3578,sample005_a84d1a77,sample144_29c8262d
3579,sample144_29c8262d,sample001_3c29c5ba
3580,sample144_29c8262d,sample001_3c29c5ba
3581,sample145_685d512c,sample008_056930c5
3582,sample145_685d512c,sample003_627b76ff
3583,sample003_627b76ff,sample145_685d512c
3584,sample010_86c5159a,sample145_685d512c
3585,sample010_86c5159a,sample145_685d512c
3586,sample146_36e0a56d,sample001_3c29c5ba
3587,sample001_3c29c5ba,sample146_36e0a56d
3588,sample002_4e908fd2,sample146_36e0a56d
3589,sample002_4e908fd2,sample146_36e0a56d
3590,sample146_36e0a56d,sample005_a84d1a77
3591,sample005_a84d1a77,sample146_36e0a56d
3592,sample009_36a064d0,sample147_b31be30b
3593,sample009_36a064d0,sample147_b31be30b
3594,sample147_b31be30b,sample006_fe39613e
3595,sample006_fe39613e,sample147_b31be30b
3596,sample147_b31be30b,sample007_6d0d70d7
3597,sample007_6d0d70d7,sample147_b31be30b
3598,sample148_b944223f,sample007_6d0d70d7
3599,sample148_b944223f,sample007_6d0d70d7
3600,sample003_627b76ff,sample148_b944223f
3601,sample003_627b76ff,sample148_b944223f
3602,sample002_4e908fd2,sample148_b944223f
3603,sample002_4e908fd2,sample148_b944223f
3604,sample149_46f6fc34,sample006_fe39613e
3605,sample149_46f6fc34,sample006_fe39613e
3606,sample149_46f6fc34,sample001_3c29c5ba
3607,sample149_46f6fc34,sample001_3c29c5ba
3608,sample149_46f6fc34,sample008_056930c5
3609,sample008_056930c5,sample149_46f6fc34
3610,sample150_0515f210,sample009_36a064d0
3611,sample150_0515f210,sample009_36a064d0
3612,sample005_a84d1a77,sample150_0515f210
3613,sample150_0515f210,sample005_a84d1a77
3614,sample150_0515f210,sample003_627b76ff
3615,sample003_627b76ff,sample150_0515f210
3616,sample004_a72e2802,sample151_0c634082
3617,sample004_a72e2802,sample151_0c634082
3618,sample008_056930c5,sample151_0c634082
3619,sample008_056930c5,sample151_0c634082
3620,sample151_0c634082,sample001_3c29c5ba
3621,sample001_3c29c5ba,sample151_0c634082
3622,sample152_2c7a9e21,sample002_4e908fd2
3623,sample002_4e908fd2,sample152_2c7a9e21
3624,sample152_2c7a9e21,sample003_627b76ff
3625,sample152_2c7a9e21,sample003_627b76ff
3626,sample005_a84d1a77,sample152_2c7a9e21
3627,sample152_2c7a9e21,sample005_a84d1a77
3628,sample007_6d0d70d7,sample153_285b89ed
3629,sample007_6d0d70d7,sample153_285b89ed
3630,sample005_a84d1a77,sample153_285b89ed
3631,sample153_285b89ed,sample005_a84d1a77
3632,sample153_285b89ed,sample003_627b76ff
3633,sample153_285b89ed,sample003_627b76ff
3634,sample154_f1fb8e99,sample008_056930c5
3635,sample008_056930c5,sample154_f1fb8e99
3636,sample154_f1fb8e99,sample001_3c29c5ba
3637,sample154_f1fb8e99,sample001_3c29c5ba
3638,sample154_f1fb8e99,sample006_fe39613e
3639,sample155_0163e391,sample009_36a064d0
3640,sample155_0163e391,sample009_36a064d0
3641,sample155_0163e391,sample002_4e908fd2
3642,sample155_0163e391,sample002_4e908fd2
3643,sample155_0163e391,sample006_fe39613e
3644,sample006_fe39613e,sample155_0163e391
3645,sample003_627b76ff,sample156_fd7b9fa4
3646,sample156_fd7b9fa4,sample003_627b76ff
3647,sample156_fd7b9fa4,sample004_a72e2802
3648,sample156_fd7b9fa4,sample004_a72e2802
3649,sample156_fd7b9fa4,sample007_6d0d70d7
3650,sample007_6d0d70d7,sample156_fd7b9fa4
3651,sample003_627b76ff,sample157_b1148f69
3652,sample157_b1148f69,sample003_627b76ff
3653,sample157_b1148f69,sample008_056930c5
3654,sample157_b1148f69,sample008_056930c5
3655,sample157_b1148f69,sample004_a72e2802
3656,sample157_b1148f69,sample004_a72e2802
3657,sample002_4e908fd2,sample158_3554df76
3658,sample158_3554df76,sample002_4e908fd2
3659,sample007_6d0d70d7,sample158_3554df76
3660,sample158_3554df76,sample007_6d0d70d7
3661,sample158_3554df76,sample003_627b76ff
3662,sample003_627b76ff,sample158_3554df76
3663,sample159_918aa5c3,sample005_a84d1a77
3664,sample159_918aa5c3,sample005_a84d1a77
3665,sample159_918aa5c3,sample006_fe39613e
3666,sample159_918aa5c3,sample006_fe39613e
3667,sample001_3c29c5ba,sample159_918aa5c3
3668,sample006_fe39613e,sample160_ed88263c
3669,sample006_fe39613e,sample160_ed88263c
3670,sample160_ed88263c,sample001_3c29c5ba
3671,sample001_3c29c5ba,sample160_ed88263c
3672,sample160_ed88263c,sample004_a72e2802
3673,sample004_a72e2802,sample160_ed88263c
3674,sample161_04667130,sample003_627b76ff
3675,sample161_04667130,sample003_627b76ff
3676,sample161_04667130,sample005_a84d1a77
3677,sample161_04667130,sample005_a84d1a77
3678,sample002_4e908fd2,sample161_04667130
3679,sample161_04667130,sample002_4e908fd2
3680,sample001_3c29c5ba,sample162_2cc0400c
3681,sample162_2cc0400c,sample001_3c29c5ba
3682,sample003_627b76ff,sample162_2cc0400c
3683,sample003_627b76ff,sample162_2cc0400c
3684,sample162_2cc0400c,sample006_fe39613e
3685,sample162_2cc0400c,sample006_fe39613e
3686,sample009_36a064d0,sample163_35d6a180
3687,sample163_35d6a180,sample009_36a064d0
3688,sample010_86c5159a,sample163_35d6a180
3689,sample010_86c5159a,sample163_35d6a180
3690,sample004_a72e2802,sample163_35d6a180
3691,sample163_35d6a180,sample004_a72e2802
3692,sample164_6086e75c,sample007_6d0d70d7
3693,sample164_6086e75c,sample007_6d0d70d7
3694,sample164_6086e75c,sample008_056930c5
3695,sample164_6086e75c,sample008_056930c5
3696,sample164_6086e75c,sample004_a72e2802
3697,sample164_6086e75c,sample004_a72e2802
3698,sample165_cdf5c82d,sample003_627b76ff
3699,sample165_cdf5c82d,sample003_627b76ff
3700,sample165_cdf5c82d,sample005_a84d1a77
3701,sample165_cdf5c82d,sample005_a84d1a77
3702,sample165_cdf5c82d,sample006_fe39613e
3703,sample165_cdf5c82d,sample006_fe39613e
3704,sample166_8454c459,sample008_056930c5
3705,sample008_056930c5,sample166_8454c459
3706,sample166_8454c459,sample001_3c29c5ba
3707,sample166_8454c459,sample001_3c29c5ba
3708,sample166_8454c459,sample009_36a064d0
3709,sample009_36a064d0,sample166_8454c459
3710,sample007_6d0d70d7,sample167_a27abf78
3711,sample007_6d0d70d7,sample167_a27abf78
3712,sample167_a27abf78,sample009_36a064d0
3713,sample009_36a064d0,sample167_a27abf78
3714,sample006_fe39613e,sample167_a27abf78
3715,sample006_fe39613e,sample167_a27abf78
3716,sample168_22e2db9e,sample005_a84d1a77
3717,sample005_a84d1a77,sample168_22e2db9e
3718,sample168_22e2db9e,sample008_056930c5
3719,sample008_056930c5,sample168_22e2db9e
3720,sample168_22e2db9e,sample003_627b76ff
3721,sample003_627b76ff,sample168_22e2db9e
3722,sample169_2e4395a7,sample010_86c5159a
3723,sample169_2e4395a7,sample010_86c5159a
3724,sample008_056930c5,sample169_2e4395a7
3725,sample008_056930c5,sample169_2e4395a7
3726,sample001_3c29c5ba,sample169_2e4395a7
3727,sample001_3c29c5ba,sample169_2e4395a7
3728,sample170_e547d744,sample002_4e908fd2
3729,sample170_e547d744,sample002_4e908fd2
3730,sample170_e547d744,sample005_a84d1a77
3731,sample170_e547d744,sample005_a84d1a77
3732,sample001_3c29c5ba,sample170_e547d744
3733,sample001_3c29c5ba,sample170_e547d744
3734,sample008_056930c5,sample171_02b13e1c
3735,sample171_02b13e1c,sample008_056930c5
3736,sample001_3c29c5ba,sample171_02b13e1c
3737,sample171_02b13e1c,sample001_3c29c5ba
3738,sample171_02b13e1c,sample006_fe39613e
3739,sample006_fe39613e,sample171_02b13e1c
3740,sample002_4e908fd2,sample172_7588bd44
3741,sample172_7588bd44,sample002_4e908fd2
3742,sample172_7588bd44,sample009_36a064d0
3743,sample009_36a064d0,sample172_7588bd44
3744,sample003_627b76ff,sample172_7588bd44
3745,sample172_7588bd44,sample003_627b76ff
3746,sample173_2377df9e,sample007_6d0d70d7
3747,sample007_6d0d70d7,sample173_2377df9e
3748,sample173_2377df9e,sample002_4e908fd2
3749,sample173_2377df9e,sample002_4e908fd2
3750,sample006_fe39613e,sample173_2377df9e
3751,sample006_fe39613e,sample173_2377df9e
3752,sample174_728e16bc,sample002_4e908fd2
3753,sample002_4e908fd2,sample174_728e16bc
3754,sample009_36a064d0,sample174_728e16bc
3755,sample009_36a064d0,sample174_728e16bc
3756,sample174_728e16bc,sample008_056930c5
3757,sample174_728e16bc,sample008_056930c5
3758,sample008_056930c5,sample175_88993b09
3759,sample008_056930c5,sample175_88993b09
3760,sample175_88993b09,sample007_6d0d70d7
3761,sample175_88993b09,sample007_6d0d70d7
3762,sample175_88993b09,sample005_a84d1a77
3763,sample005_a84d1a77,sample175_88993b09
3764,sample008_056930c5,sample176_db87a5a2
3765,sample176_db87a5a2,sample008_056930c5
3766,sample002_4e908fd2,sample176_db87a5a2
3767,sample002_4e908fd2,sample176_db87a5a2
3768,sample176_db87a5a2,sample001_3c29c5ba
3769,sample001_3c29c5ba,sample176_db87a5a2
3770,sample177_0198da6e,sample007_6d0d70d7
3771,sample177_0198da6e,sample007_6d0d70d7
3772,sample010_86c5159a,sample177_0198da6e
3773,sample177_0198da6e,sample010_86c5159a
3774,sample009_36a064d0,sample177_0198da6e
3775,sample177_0198da6e,sample009_36a064d0
3776,sample178_f1334217,sample002_4e908fd2
3777,sample178_f1334217,sample002_4e908fd2
3778,sample178_f1334217,sample005_a84d1a77
3779,sample005_a84d1a77,sample178_f1334217
3780,sample178_f1334217,sample003_627b76ff
3781,sample003_627b76ff,sample178_f1334217
3782,sample007_6d0d70d7,sample179_5d46b53e
3783,sample179_5d46b53e,sample007_6d0d70d7
3784,sample005_a84d1a77,sample179_5d46b53e
3785,sample005_a84d1a77,sample179_5d46b53e
3786,sample179_5d46b53e,sample010_86c5159a
3787,sample179_5d46b53e,sample010_86c5159a
3788,sample180_e3d8d698,sample004_a72e2802
3789,sample004_a72e2802,sample180_e3d8d698
3790,sample001_3c29c5ba,sample180_e3d8d698
3791,sample001_3c29c5ba,sample180_e3d8d698
3792,sample010_86c5159a,sample180_e3d8d698
3793,sample010_86c5159a,sample180_e3d8d698
3794,sample181_a6621347,sample010_86c5159a
3795,sample181_a6621347,sample010_86c5159a
3796,sample005_a84d1a77,sample181_a6621347
3797,sample005_a84d1a77,sample181_a6621347
3798,sample007_6d0d70d7,sample181_a6621347
3799,sample181_a6621347,sample007_6d0d70d7
3800,sample182_fc65241d,sample009_36a064d0
3801,sample009_36a064d0,sample182_fc65241d
3802,sample004_a72e2802,sample182_fc65241d
3803,sample004_a72e2802,sample182_fc65241d
3804,sample182_fc65241d,sample005_a84d1a77
3805,sample182_fc65241d,sample005_a84d1a77
3806,sample006_fe39613e,sample183_ca767767
3807,sample006_fe39613e,sample183_ca767767
3808,sample004_a72e2802,sample183_ca767767
3809,sample004_a72e2802,sample183_ca767767
3810,sample183_ca767767,sample007_6d0d70d7
3811,sample183_ca767767,sample007_6d0d70d7
3812,sample184_2c9ff4fe,sample006_fe39613e
3813,sample184_2c9ff4fe,sample006_fe39613e
3814,sample184_2c9ff4fe,sample008_056930c5
3815,sample184_2c9ff4fe,sample008_056930c5
3816,sample001_3c29c5ba,sample184_2c9ff4fe
3817,sample001_3c29c5ba,sample184_2c9ff4fe
3818,sample005_a84d1a77,sample185_0ea0912d
3819,sample185_0ea0912d,sample005_a84d1a77
3820,sample001_3c29c5ba,sample185_0ea0912d
3821,sample001_3c29c5ba,sample185_0ea0912d
3822,sample010_86c5159a,sample185_0ea0912d
3823,sample010_86c5159a,sample185_0ea0912d
3824,sample010_86c5159a,sample186_e5557310
3825,sample010_86c5159a,sample186_e5557310
3826,sample186_e5557310,sample008_056930c5
3827,sample186_e5557310,sample008_056930c5
3828,sample004_a72e2802,sample186_e5557310
3829,sample186_e5557310,sample004_a72e2802
3830,sample187_b0f03602,sample004_a72e2802
3831,sample187_b0f03602,sample004_a72e2802
3832,sample001_3c29c5ba,sample187_b0f03602
3833,sample001_3c29c5ba,sample187_b0f03602
3834,sample187_b0f03602,sample010_86c5159a
3835,sample010_86c5159a,sample187_b0f03602
3836,sample003_627b76ff,sample188_0e995f08
3837,sample003_627b76ff,sample188_0e995f08
3838,sample188_0e995f08,sample006_fe39613e
3839,sample188_0e995f08,sample006_fe39613e
3840,sample188_0e995f08,sample002_4e908fd2
3841,sample188_0e995f08,sample002_4e908fd2
3842,sample189_b2eb371f,sample002_4e908fd2
3843,sample189_b2eb371f,sample002_4e908fd2
3844,sample010_86c5159a,sample189_b2eb371f
3845,sample189_b2eb371f,sample010_86c5159a
3846,sample009_36a064d0,sample189_b2eb371f
3847,sample009_36a064d0,sample189_b2eb371f
3848,sample009_36a064d0,sample190_762dfa42
3849,sample009_36a064d0,sample190_762dfa42
3850,sample004_a72e2802,sample190_762dfa42
3851,sample004_a72e2802,sample190_762dfa42
3852,sample190_762dfa42,sample008_056930c5
3853,sample008_056930c5,sample190_762dfa42
3854,sample191_3361e30f,sample010_86c5159a
3855,sample010_86c5159a,sample191_3361e30f
3856,sample191_3361e30f,sample006_fe39613e
3857,sample191_3361e30f,sample006_fe39613e
3858,sample002_4e908fd2,sample191_3361e30f
3859,sample002_4e908fd2,sample191_3361e30f
3860,sample003_627b76ff,sample192_144a35f2
3861,sample003_627b76ff,sample192_144a35f2
3862,sample010_86c5159a,sample192_144a35f2
3863,sample192_144a35f2,sample010_86c5159a
3864,sample002_4e908fd2,sample192_144a35f2
3865,sample002_4e908fd2,sample192_144a35f2
3866,sample002_4e908fd2,sample193_a3aba001
3867,sample193_a3aba001,sample002_4e908fd2
3868,sample003_627b76ff,sample193_a3aba001
3869,sample003_627b76ff,sample193_a3aba001
3870,sample193_a3aba001,sample005_a84d1a77
3871,sample005_a84d1a77,sample193_a3aba001
3872,sample194_328dbd2a,sample010_86c5159a
3873,sample010_86c5159a,sample194_328dbd2a
3874,sample194_328dbd2a,sample007_6d0d70d7
3875,sample007_6d0d70d7,sample194_328dbd2a
3876,sample006_fe39613e,sample194_328dbd2a
3877,sample194_328dbd2a,sample006_fe39613e
3878,sample195_26730d6d,sample001_3c29c5ba
3879,sample195_26730d6d,sample001_3c29c5ba
3880,sample005_a84d1a77,sample195_26730d6d
3881,sample195_26730d6d,sample005_a84d1a77
3882,sample195_26730d6d,sample010_86c5159a
3883,sample195_26730d6d,sample010_86c5159a
3884,sample196_3469b979,sample009_36a064d0
3885,sample009_36a064d0,sample196_3469b979
3886,sample196_3469b979,sample010_86c5159a
3887,sample010_86c5159a,sample196_3469b979
3888,sample004_a72e2802,sample196_3469b979
3889,sample004_a72e2802,sample196_3469b979
3890,sample006_fe39613e,sample197_9fb7ce5f
3891,sample006_fe39613e,sample197_9fb7ce5f
3892,sample004_a72e2802,sample197_9fb7ce5f
3893,sample197_9fb7ce5f,sample004_a72e2802
3894,sample197_9fb7ce5f,sample010_86c5159a
3895,sample010_86c5159a,sample197_9fb7ce5f
3896,sample198_ee0e18d2,sample001_3c29c5ba
3897,sample198_ee0e18d2,sample001_3c29c5ba
3898,sample009_36a064d0,sample198_ee0e18d2
3899,sample198_ee0e18d2,sample009_36a064d0
3900,sample008_056930c5,sample198_ee0e18d2
3901,sample008_056930c5,sample198_ee0e18d2
3902,sample007_6d0d70d7,sample199_40e217d7
3903,sample199_40e217d7,sample007_6d0d70d7
3904,sample199_40e217d7,sample005_a84d1a77
3905,sample199_40e217d7,sample005_a84d1a77
3906,sample003_627b76ff,sample199_40e217d7
3907,sample199_40e217d7,sample003_627b76ff
3908,sample006_fe39613e,sample200_d8677912
3909,sample200_d8677912,sample006_fe39613e
3910,sample200_d8677912,sample003_627b76ff
3911,sample200_d8677912,sample003_627b76ff
3912,sample010_86c5159a,sample200_d8677912
3913,sample010_86c5159a,sample200_d8677912
3914,sample201_5430f370,sample001_3c29c5ba
3915,sample001_3c29c5ba,sample201_5430f370
3916,sample201_5430f370,sample002_4e908fd2
3917,sample002_4e908fd2,sample201_5430f370
3918,sample005_a84d1a77,sample201_5430f370
3919,sample005_a84d1a77,sample201_5430f370
3920,sample007_6d0d70d7,sample202_3a6e070e
3921,sample202_3a6e070e,sample007_6d0d70d7
3922,sample202_3a6e070e,sample008_056930c5
3923,sample202_3a6e070e,sample008_056930c5
3924,sample004_a72e2802,sample202_3a6e070e
3925,sample004_a72e2802,sample202_3a6e070e
3926,sample005_a84d1a77,sample203_3b23436c
3927,sample203_3b23436c,sample005_a84d1a77
3928,sample009_36a064d0,sample203_3b23436c
3929,sample009_36a064d0,sample203_3b23436c
3930,sample203_3b23436c,sample001_3c29c5ba
3931,sample001_3c29c5ba,sample203_3b23436c
3932,sample204_baf7f138,sample002_4e908fd2
3933,sample002_4e908fd2,sample204_baf7f138
3934,sample004_a72e2802,sample204_baf7f138
3935,sample004_a72e2802,sample204_baf7f138
3936,sample001_3c29c5ba,sample204_baf7f138
3937,sample001_3c29c5ba,sample204_baf7f138
3938,sample005_a84d1a77,sample205_29b101bc
3939,sample205_29b101bc,sample005_a84d1a77
3940,sample205_29b101bc,sample002_4e908fd2
3941,sample205_29b101bc,sample002_4e908fd2
3942,sample001_3c29c5ba,sample205_29b101bc
3943,sample001_3c29c5ba,sample205_29b101bc
3944,sample001_3c29c5ba,sample206_cada7cf4
3945,sample001_3c29c5ba,sample206_cada7cf4
3946,sample003_627b76ff,sample206_cada7cf4
3947,sample003_627b76ff,sample206_cada7cf4
3948,sample002_4e908fd2,sample206_cada7cf4
3949,sample002_4e908fd2,sample206_cada7cf4
3950,sample010_86c5159a,sample207_2ca97251
3951,sample207_2ca97251,sample010_86c5159a
3952,sample207_2ca97251,sample001_3c29c5ba
3953,sample207_2ca97251,sample001_3c29c5ba
3954,sample006_fe39613e,sample207_2ca97251
3955,sample006_fe39613e,sample207_2ca97251
3956,sample005_a84d1a77,sample208_160ca549
3957,sample005_a84d1a77,sample208_160ca549
3958,sample208_160ca549,sample001_3c29c5ba
3959,sample208_160ca549,sample001_3c29c5ba
3960,sample002_4e908fd2,sample208_160ca549
3961,sample208_160ca549,sample002_4e908fd2
3962,sample209_bed041d7,sample010_86c5159a
3963,sample010_86c5159a,sample209_bed041d7
3964,sample209_bed041d7,sample009_36a064d0
3965,sample009_36a064d0,sample209_bed041d7
3966,sample209_bed041d7,sample003_627b76ff
3967,sample003_627b76ff,sample209_bed041d7
3968,sample210_ac1f93e1,sample009_36a064d0
3969,sample210_ac1f93e1,sample009_36a064d0
3970,sample210_ac1f93e1,sample006_fe39613e
3971,sample006_fe39613e,sample210_ac1f93e1
3972,sample008_056930c5,sample210_ac1f93e1
3973,sample008_056930c5,sample210_ac1f93e1
3974,sample211_a2b39b71,sample008_056930c5
3975,sample008_056930c5,sample211_a2b39b71
3976,sample007_6d0d70d7,sample211_a2b39b71
3977,sample007_6d0d70d7,sample211_a2b39b71
3978,sample004_a72e2802,sample211_a2b39b71
3979,sample211_a2b39b71,sample004_a72e2802
3980,sample212_4d3716b5,sample008_056930c5
3981,sample008_056930c5,sample212_4d3716b5
3982,sample003_627b76ff,sample212_4d3716b5
3983,sample003_627b76ff,sample212_4d3716b5
3984,sample009_36a064d0,sample212_4d3716b5
3985,sample009_36a064d0,sample212_4d3716b5
3986,sample007_6d0d70d7,sample213_d8480af4
3987,sample213_d8480af4,sample007_6d0d70d7
3988,sample008_056930c5,sample213_d8480af4
3989,sample213_d8480af4,sample008_056930c5
3990,sample213_d8480af4,sample001_3c29c5ba
3991,sample213_d8480af4,sample001_3c29c5ba
3992,sample214_47d63bf9,sample007_6d0d70d7
3993,sample007_6d0d70d7,sample214_47d63bf9
3994,sample214_47d63bf9,sample001_3c29c5ba
3995,sample001_3c29c5ba,sample214_47d63bf9
3996,sample009_36a064d0,sample214_47d63bf9
3997,sample009_36a064d0,sample214_47d63bf9
3998,sample004_a72e2802,sample215_cc025b5e
3999,sample215_cc025b5e,sample004_a72e2802
4000,sample215_cc025b5e,sample003_627b76ff
4001,sample215_cc025b5e,sample003_627b76ff
4002,sample215_cc025b5e,sample008_056930c5
4003,sample008_056930c5,sample215_cc025b5e
4004,sample008_056930c5,sample216_ffa6ee05
4005,sample008_056930c5,sample216_ffa6ee05
4006,sample216_ffa6ee05,sample009_36a064d0
4007,sample009_36a064d0,sample216_ffa6ee05
4008,sample010_86c5159a,sample216_ffa6ee05
4009,sample216_ffa6ee05,sample010_86c5159a
4010,sample003_627b76ff,sample217_6377ae91
4011,sample217_6377ae91,sample003_627b76ff
4012,sample217_6377ae91,sample008_056930c5
4013,sample217_6377ae91,sample008_056930c5
4014,sample007_6d0d70d7,sample217_6377ae91
4015,sample217_6377ae91,sample007_6d0d70d7
4016,sample005_a84d1a77,sample218_2eaffa66
4017,sample005_a84d1a77,sample218_2eaffa66
4018,sample218_2eaffa66,sample003_627b76ff
4019,sample003_627b76ff,sample218_2eaffa66
4020,sample001_3c29c5ba,sample218_2eaffa66
4021,sample218_2eaffa66,sample001_3c29c5ba
4022,sample219_9b7a084f,sample007_6d0d70d7
4023,sample219_9b7a084f,sample007_6d0d70d7
4024,sample009_36a064d0,sample219_9b7a084f
4025,sample219_9b7a084f,sample009_36a064d0
4026,sample005_a84d1a77,sample219_9b7a084f
4027,sample219_9b7a084f,sample005_a84d1a77
4028,sample220_5a48d9b6,sample008_056930c5
4029,sample008_056930c5,sample220_5a48d9b6
4030,sample220_5a48d9b6,sample007_6d0d70d7
4031,sample220_5a48d9b6,sample007_6d0d70d7
4032,sample004_a72e2802,sample220_5a48d9b6
4033,sample220_5a48d9b6,sample004_a72e2802
4034,sample008_056930c5,sample221_0d7c78bd
4035,sample221_0d7c78bd,sample008_056930c5
4036,sample002_4e908fd2,sample221_0d7c78bd
4037,sample002_4e908fd2,sample221_0d7c78bd
4038,sample007_6d0d70d7,sample221_0d7c78bd
4039,sample007_6d0d70d7,sample221_0d7c78bd
4040,sample010_86c5159a,sample222_bfe748cb
4041,sample010_86c5159a,sample222_bfe748cb
4042,sample222_bfe748cb,sample008_056930c5
4043,sample008_056930c5,sample222_bfe748cb
4044,sample004_a72e2802,sample222_bfe748cb
4045,sample222_bfe748cb,sample004_a72e2802
4046,sample006_fe39613e,sample223_e7455493
4047,sample223_e7455493,sample006_fe39613e
4048,sample223_e7455493,sample009_36a064d0
4049,sample223_e7455493,sample009_36a064d0
4050,sample223_e7455493,sample008_056930c5
4051,sample223_e7455493,sample008_056930c5
4052,sample010_86c5159a,sample224_1fc3e356
4053,sample224_1fc3e356,sample010_86c5159a
4054,sample004_a72e2802,sample224_1fc3e356
4055,sample224_1fc3e356,sample004_a72e2802
4056,sample224_1fc3e356,sample001_3c29c5ba
4057,sample224_1fc3e356,sample001_3c29c5ba
4058,sample007_6d0d70d7,sample225_ef9728ac
4059,sample225_ef9728ac,sample007_6d0d70d7
4060,sample006_fe39613e,sample225_ef9728ac
4061,sample006_fe39613e,sample225_ef9728ac
4062,sample003_627b76ff,sample225_ef9728ac
4063,sample003_627b76ff,sample225_ef9728ac
4064,sample008_056930c5,sample226_2d7ef8de
4065,sample008_056930c5,sample226_2d7ef8de
4066,sample004_a72e2802,sample226_2d7ef8de
4067,sample004_a72e2802,sample226_2d7ef8de
4068,sample010_86c5159a,sample226_2d7ef8de
4069,sample010_86c5159a,sample226_2d7ef8de
4070,sample007_6d0d70d7,sample227_23672cca
4071,sample227_23672cca,sample007_6d0d70d7
4072,sample004_a72e2802,sample227_23672cca
4073,sample004_a72e2802,sample227_23672cca
4074,sample227_23672cca,sample002_4e908fd2
4075,sample227_23672cca,sample002_4e908fd2
4076,sample003_627b76ff,sample228_398bd9c3
4077,sample228_398bd9c3,sample003_627b76ff
4078,sample002_4e908fd2,sample228_398bd9c3
4079,sample002_4e908fd2,sample228_398bd9c3
4080,sample228_398bd9c3,sample010_86c5159a
4081,sample010_86c5159a,sample228_398bd9c3
4082,sample229_f92eb5b1,sample002_4e908fd2
4083,sample002_4e908fd2,sample229_f92eb5b1
4084,sample229_f92eb5b1,sample001_3c29c5ba
4085,sample001_3c29c5ba,sample229_f92eb5b1
4086,sample003_627b76ff,sample229_f92eb5b1
4087,sample003_627b76ff,sample229_f92eb5b1
4088,sample230_47b01153,sample010_86c5159a
4089,sample010_86c5159a,sample230_47b01153
4090,sample230_47b01153,sample006_fe39613e
4091,sample230_47b01153,sample006_fe39613e
4092,sample001_3c29c5ba,sample230_47b01153
4093,sample001_3c29c5ba,sample230_47b01153
4094,sample004_a72e2802,sample231_a7ca1cbe
4095,sample231_a7ca1cbe,sample004_a72e2802
4096,sample231_a7ca1cbe,sample002_4e908fd2
4097,sample002_4e908fd2,sample231_a7ca1cbe
4098,sample231_a7ca1cbe,sample010_86c5159a
4099,sample010_86c5159a,sample231_a7ca1cbe
4100,sample232_cf98e3c8,sample001_3c29c5ba
4101,sample001_3c29c5ba,sample232_cf98e3c8
4102,sample002_4e908fd2,sample232_cf98e3c8
4103,sample002_4e908fd2,sample232_cf98e3c8
4104,sample232_cf98e3c8,sample003_627b76ff
4105,sample003_627b76ff,sample232_cf98e3c8
4106,sample009_36a064d0,sample233_4e88157a
4107,sample009_36a064d0,sample233_4e88157a
4108,sample003_627b76ff,sample233_4e88157a
4109,sample003_627b76ff,sample233_4e88157a
4110,sample007_6d0d70d7,sample233_4e88157a
4111,sample007_6d0d70d7,sample233_4e88157a
4112,sample234_553dcff0,sample007_6d0d70d7
4113,sample234_553dcff0,sample007_6d0d70d7
4114,sample003_627b76ff,sample234_553dcff0
4115,sample003_627b76ff,sample234_553dcff0
4116,sample234_553dcff0,sample002_4e908fd2
4117,sample234_553dcff0,sample002_4e908fd2
4118,sample235_ea92f26e,sample009_36a064d0
4119,sample009_36a064d0,sample235_ea92f26e
4120,sample235_ea92f26e,sample002_4e908fd2
4121,sample235_ea92f26e,sample002_4e908fd2
4122,sample235_ea92f26e,sample003_627b76ff
4123,sample235_ea92f26e,sample003_627b76ff
4124,sample236_f3d5c89f,sample009_36a064d0
4125,sample009_36a064d0,sample236_f3d5c89f
4126,sample010_86c5159a,sample236_f3d5c89f
4127,sample236_f3d5c89f,sample010_86c5159a
4128,sample002_4e908fd2,sample236_f3d5c89f
4129,sample236_f3d5c89f,sample002_4e908fd2
4130,sample237_9472557e,sample010_86c5159a
4131,sample237_9472557e,sample010_86c5159a
4132,sample005_a84d1a77,sample237_9472557e
4133,sample005_a84d1a77,sample237_9472557e
4134,sample237_9472557e,sample003_627b76ff
4135,sample237_9472557e,sample003_627b76ff
4136,sample238_fdf5ca49,sample002_4e908fd2
4137,sample238_fdf5ca49,sample002_4e908fd2
4138,sample238_fdf5ca49,sample008_056930c5
4139,sample008_056930c5,sample238_fdf5ca49
4140,sample238_fdf5ca49,sample001_3c29c5ba
4141,sample001_3c29c5ba,sample238_fdf5ca49
4142,sample239_70abef06,sample002_4e908fd2
4143,sample002_4e908fd2,sample239_70abef06
4144,sample001_3c29c5ba,sample239_70abef06
4145,sample239_70abef06,sample001_3c29c5ba
4146,sample006_fe39613e,sample239_70abef06
4147,sample239_70abef06,sample006_fe39613e
4148,sample240_f834f12b,sample008_056930c5
4149,sample008_056930c5,sample240_f834f12b
4150,sample005_a84d1a77,sample240_f834f12b
4151,sample240_f834f12b,sample005_a84d1a77
4152,sample240_f834f12b,sample001_3c29c5ba
4153,sample240_f834f12b,sample001_3c29c5ba
4154,sample241_9aeb4384,sample008_056930c5
4155,sample008_056930c5,sample241_9aeb4384
4156,sample241_9aeb4384,sample001_3c29c5ba
4157,sample241_9aeb4384,sample001_3c29c5ba
4158,sample241_9aeb4384,sample007_6d0d70d7
4159,sample007_6d0d70d7,sample241_9aeb4384
4160,sample242_bc639087,sample009_36a064d0
4161,sample242_bc639087,sample009_36a064d0
4162,sample001_3c29c5ba,sample242_bc639087
4163,sample001_3c29c5ba,sample242_bc639087
4164,sample242_bc639087,sample010_86c5159a
4165,sample242_bc639087,sample010_86c5159a
4166,sample007_6d0d70d7,sample243_1ced9527
4167,sample243_1ced9527,sample007_6d0d70d7
4168,sample243_1ced9527,sample001_3c29c5ba
4169,sample001_3c29c5ba,sample243_1ced9527
4170,sample243_1ced9527,sample009_36a064d0
4171,sample243_1ced9527,sample009_36a064d0
4172,sample244_f01a5078,sample007_6d0d70d7
4173,sample244_f01a5078,sample007_6d0d70d7
4174,sample244_f01a5078,sample001_3c29c5ba
4175,sample244_f01a5078,sample001_3c29c5ba
4176,sample005_a84d1a77,sample244_f01a5078
4177,sample244_f01a5078,sample005_a84d1a77
4178,sample004_a72e2802,sample245_2638b53c
4179,sample004_a72e2802,sample245_2638b53c
4180,sample003_627b76ff,sample245_2638b53c
4181,sample245_2638b53c,sample003_627b76ff
4182,sample005_a84d1a77,sample245_2638b53c
4183,sample245_2638b53c,sample005_a84d1a77
4184,sample246_e8541fc4,sample001_3c29c5ba
4185,sample001_3c29c5ba,sample246_e8541fc4
4186,sample006_fe39613e,sample246_e8541fc4
4187,sample246_e8541fc4,sample006_fe39613e
4188,sample246_e8541fc4,sample010_86c5159a
4189,sample246_e8541fc4,sample010_86c5159a
4190,sample010_86c5159a,sample247_388ecf10
4191,sample010_86c5159a,sample247_388ecf10
4192,sample247_388ecf10,sample005_a84d1a77
4193,sample005_a84d1a77,sample247_388ecf10
4194,sample247_388ecf10,sample004_a72e2802
4195,sample004_a72e2802,sample247_388ecf10
4196,sample248_79b27f7d,sample006_fe39613e
4197,sample006_fe39613e,sample248_79b27f7d
4198,sample248_79b27f7d,sample001_3c29c5ba
4199,sample001_3c29c5ba,sample248_79b27f7d
4200,sample010_86c5159a,sample248_79b27f7d
4201,sample248_79b27f7d,sample010_86c5159a
4202,sample145_685d512c,sample105_f7a5e5bd
4203,sample136_390f0707,sample043_e99d768e
4204,sample159_918aa5c3,sample154_f1fb8e99
4205,sample188_0e995f08,sample022_dab4ef06
4206,sample222_bfe748cb,sample164_6086e75c
4207,sample202_3a6e070e,sample239_70abef06
4208,sample043_e99d768e,sample092_7e1324ef
4209,sample103_540aea48,sample159_918aa5c3
4210,sample105_f7a5e5bd,sample108_d2b794a9
4211,sample154_f1fb8e99,sample136_390f0707
4212,sample139_6badff7b,sample145_685d512c
4213,sample196_3469b979,sample215_cc025b5e
4214,sample049_fae6bd3c,sample037_79498522
4215,sample068_f841a2c6,sample153_285b89ed
4216,sample034_3c0550fc,sample134_0b972e44
4217,sample189_b2eb371f,sample041_06592579
4218,sample173_2377df9e,sample015_a93d8cfa
4219,sample009_8fec8452,sample195_26730d6d
4220,sample036_c2d5e868,sample238_fdf5ca49
4221,sample136_390f0707,sample197_9fb7ce5f
4222,sample123_fc41e8f2,sample104_e61bf93a
4223,sample139_6badff7b,sample072_ca368684
4224,sample159_918aa5c3,sample192_144a35f2
4225,sample203_3b23436c,sample246_e8541fc4
4226,sample124_3f5d1a8c,sample073_a3f37a12
4227,sample083_f5ef4dc7,sample193_a3aba001
4228,sample201_5430f370,sample234_553dcff0
4229,sample181_a6621347,sample247_388ecf10
4230,sample076_2a6025df,sample170_e547d744
4231,sample121_76bcb529,sample145_685d512c
4232,sample019_fb26ed47,sample183_ca767767
4233,sample096_11e92880,sample054_ecc70f99
4234,sample223_e7455493,sample057_29b21bea
4235,sample227_23672cca,sample200_d8677912
4236,sample047_2aff3b5d,sample205_29b101bc
4237,sample149_46f6fc34,sample067_224b9d42
4238,sample225_ef9728ac,sample231_a7ca1cbe
4239,sample132_f2c32289,sample174_728e16bc
4240,sample099_122a179d,sample089_101bfe11
4241,sample131_26551668,sample039_d5a20d17
4242,sample085_dd90578a,sample110_8e91af50
4243,sample222_bfe748cb,sample140_9355c8d3
4244,sample176_db87a5a2,sample158_3554df76
4245,sample147_b31be30b,sample219_9b7a084f
4246,sample206_cada7cf4,sample154_f1fb8e99
4247,sample236_f3d5c89f,sample146_36e0a56d
4248,sample032_efba1c76,sample093_1c1b1da8
4249,sample211_a2b39b71,sample229_f92eb5b1
4250,sample100_7eeb677c,sample196_3469b979
4251,sample044_e5a06143,sample119_a4f7dd43
4252,sample065_f352d7d0,sample088_4f85a4f9
4253,sample184_2c9ff4fe,sample074_0d740677
4254,sample162_2cc0400c,sample107_a38717d4
4255,sample070_ecd1d324,sample097_0a02c41a
4256,sample235_ea92f26e,sample030_9732143a
4257,sample116_e242d5ac,sample052_bcf1cb6d
4258,sample148_b944223f,sample218_2eaffa66
4259,sample191_3361e30f,sample042_70ed032c
4260,sample202_3a6e070e,sample221_0d7c78bd
4261,sample178_f1334217,sample021_d21d4bb3
4262,sample126_ff7c90d7,sample111_4737c4d2
4263,sample168_22e2db9e,sample220_5a48d9b6
4264,sample165_cdf5c82d,sample037_79498522
4265,sample022_dab4ef06,sample101_fae0484f
4266,sample179_5d46b53e,sample230_47b01153
4267,sample182_fc65241d,sample095_039a7b60
4268,sample098_f5a9d2bc,sample118_96a1642f
4269,sample012_1a3238c3,sample198_ee0e18d2
4270,sample059_ea36c31b,sample125_1b5a54f4
4271,sample209_bed041d7,sample144_29c8262d
4272,sample016_ac47e9d0,sample064_0b854809
4273,sample027_cd0faf20,sample213_d8480af4
4274,sample061_cdf92033,sample025_76911851
4275,sample115_2bd91ef1,sample194_328dbd2a
4276,sample071_1e1cdb9c,sample056_f521058f
4277,sample212_4d3716b5,sample090_e7880a98
4278,sample190_762dfa42,sample084_c70d4e6b
4279,sample081_44c869d5,sample062_daaf900c
4280,sample079_906be0f9,sample210_ac1f93e1
4281,sample108_d2b794a9,sample077_0b68117f
4282,sample172_7588bd44,sample014_ac17730c
4283,sample117_4997d25a,sample038_e6b5ca93
4284,sample043_e99d768e,sample217_6377ae91
4285,sample180_e3d8d698,sample164_6086e75c
4286,sample138_f46547e5,sample188_0e995f08
4287,sample228_398bd9c3,sample087_61baefa8
4288,sample237_9472557e,sample113_8ada680d
4289,sample141_8b2cf3b6,sample053_a2bad463
4290,sample248_79b27f7d,sample244_f01a5078
4291,sample241_9aeb4384,sample129_f22c6f56
4292,sample011_25be81fc,sample171_02b13e1c
4293,sample069_5cae6d79,sample106_56fd4274
4294,sample029_6457d3d0,sample051_cadff688
4295,sample239_70abef06,sample018_c980f33d
4296,sample207_2ca97251,sample160_ed88263c
4297,sample204_baf7f138,sample026_cce061cf
4298,sample185_0ea0912d,sample130_ed256ee8
4299,sample033_e451edf0,sample232_cf98e3c8
4300,sample050_4cbe8ba0,sample175_88993b09
4301,sample049_fae6bd3c,sample086_fc6b25d7
4302,sample142_1985425c,sample243_1ced9527
4303,sample157_b1148f69,sample094_6fbee84a
4304,sample035_2729e0e2,sample224_1fc3e356
4305,sample177_0198da6e,sample075_4764b9a3
4306,sample112_44add070,sample127_7d7b8f84
4307,sample166_8454c459,sample143_caa0315c
4308,sample082_1b5867e7,sample240_f834f12b
4309,sample199_40e217d7,sample208_160ca549
4310,sample242_bc639087,sample031_c4c1f623
4311,sample066_f9dcce53,sample080_20eca9e0
4312,sample226_2d7ef8de,sample216_ffa6ee05
4313,sample151_0c634082,sample161_04667130
4314,sample167_a27abf78,sample103_540aea48
4315,sample092_7e1324ef,sample013_82d2cad9
4316,sample135_743c9b1f,sample128_3857eff1
4317,sample156_fd7b9fa4,sample120_df4b6c69
4318,sample163_35d6a180,sample078_5b8ec916
4319,sample017_e847dff4,sample091_671e5ef1
4320,sample045_14ac45b4,sample133_a07c1913
4321,sample114_fdb345bb,sample020_4a03fd2e
4322,sample007_946106c1,sample046_3dda9f49
4323,sample060_c4420875,sample024_50e90c97
4324,sample137_f533bb44,sample023_41c39e41
4325,sample186_e5557310,sample105_f7a5e5bd
4326,sample122_e1166b1d,sample058_30b13499
4327,sample102_436dc55f,sample233_4e88157a
4328,sample048_e4494277,sample028_28cee35c
4329,sample215_cc025b5e,sample150_0515f210
4330,sample109_2f2d8c0a,sample187_b0f03602
4331,sample155_0163e391,sample245_2638b53c
4332,sample169_2e4395a7,sample152_2c7a9e21
4333,sample040_2bfbed5d,sample063_768a6a1b
4334,sample055_fb292964,sample214_47d63bf9
4335,sample187_b0f03602,sample114_fdb345bb
4336,sample094_6fbee84a,sample090_e7880a98
4337,sample233_4e88157a,sample192_144a35f2
4338,sample124_3f5d1a8c,sample163_35d6a180
4339,sample022_dab4ef06,sample061_cdf92033
4340,sample060_c4420875,sample202_3a6e070e
4341,sample138_f46547e5,sample220_5a48d9b6
4342,sample112_44add070,sample064_0b854809
4343,sample142_1985425c,sample059_ea36c31b
4344,sample211_a2b39b71,sample119_a4f7dd43
4345,sample168_22e2db9e,sample087_61baefa8
4346,sample031_c4c1f623,sample151_0c634082
4347,sample116_e242d5ac,sample188_0e995f08
4348,sample076_2a6025df,sample205_29b101bc
4349,sample088_4f85a4f9,sample056_f521058f
4350,sample204_baf7f138,sample035_2729e0e2
4351,sample174_728e16bc,sample206_cada7cf4
4352,sample172_7588bd44,sample040_2bfbed5d
4353,sample207_2ca97251,sample246_e8541fc4
4354,sample210_ac1f93e1,sample017_e847dff4
4355,sample232_cf98e3c8,sample201_5430f370
4356,sample197_9fb7ce5f,sample084_c70d4e6b
4357,sample126_ff7c90d7,sample062_daaf900c
4358,sample092_7e1324ef,sample037_79498522
4359,sample238_fdf5ca49,sample235_ea92f26e
4360,sample167_a27abf78,sample036_c2d5e868
4361,sample070_ecd1d324,sample011_25be81fc
4362,sample217_6377ae91,sample111_4737c4d2
4363,sample054_ecc70f99,sample180_e3d8d698
4364,sample234_553dcff0,sample237_9472557e
4365,sample179_5d46b53e,sample223_e7455493
4366,sample053_a2bad463,sample108_d2b794a9
4367,sample212_4d3716b5,sample067_224b9d42
4368,sample044_e5a06143,sample086_fc6b25d7
4369,sample101_fae0484f,sample184_2c9ff4fe
4370,sample080_20eca9e0,sample244_f01a5078
4371,sample175_88993b09,sample164_6086e75c
4372,sample200_d8677912,sample046_3dda9f49
4373,sample186_e5557310,sample247_388ecf10
4374,sample194_328dbd2a,sample047_2aff3b5d
4375,sample121_76bcb529,sample185_0ea0912d
4376,sample236_f3d5c89f,sample189_b2eb371f
4377,sample165_cdf5c82d,sample144_29c8262d
4378,sample162_2cc0400c,sample039_d5a20d17
4379,sample178_f1334217,sample077_0b68117f
4380,sample018_c980f33d,sample221_0d7c78bd
4381,sample015_a93d8cfa,sample148_b944223f
4382,sample048_e4494277,sample136_390f0707
4383,sample157_b1148f69,sample196_3469b979
4384,sample009_8fec8452,sample216_ffa6ee05
4385,sample248_79b27f7d,sample152_2c7a9e21
4386,sample182_fc65241d,sample098_f5a9d2bc
4387,sample097_0a02c41a,sample079_906be0f9
4388,sample030_9732143a,sample096_11e92880
4389,sample242_bc639087,sample203_3b23436c
4390,sample038_e6b5ca93,sample198_ee0e18d2
4391,sample145_685d512c,sample183_ca767767
4392,sample103_540aea48,sample132_f2c32289
4393,sample041_06592579,sample007_946106c1
4394,sample208_160ca549,sample110_8e91af50
4395,sample156_fd7b9fa4,sample147_b31be30b
4396,sample127_7d7b8f84,sample078_5b8ec916
4397,sample107_a38717d4,sample057_29b21bea
4398,sample146_36e0a56d,sample134_0b972e44
4399,sample140_9355c8d3,sample218_2eaffa66
4400,sample069_5cae6d79,sample239_70abef06
4401,sample245_2638b53c,sample130_ed256ee8
4402,sample123_fc41e8f2,sample215_cc025b5e
4403,sample014_ac17730c,sample133_a07c1913
4404,sample083_f5ef4dc7,sample228_398bd9c3
4405,sample065_f352d7d0,sample075_4764b9a3
4406,sample240_f834f12b,sample033_e451edf0
4407,sample066_f9dcce53,sample058_30b13499
4408,sample222_bfe748cb,sample106_56fd4274
4409,sample173_2377df9e,sample191_3361e30f
4410,sample025_76911851,sample177_0198da6e
4411,sample113_8ada680d,sample170_e547d744
4412,sample149_46f6fc34,sample050_4cbe8ba0
4413,sample227_23672cca,sample029_6457d3d0
4414,sample225_ef9728ac,sample199_40e217d7
4415,sample160_ed88263c,sample231_a7ca1cbe
4416,sample027_cd0faf20,sample068_f841a2c6
4417,sample115_2bd91ef1,sample095_039a7b60
4418,sample137_f533bb44,sample143_caa0315c
4419,sample104_e61bf93a,sample055_fb292964
4420,sample023_41c39e41,sample159_918aa5c3
4421,sample102_436dc55f,sample043_e99d768e
4422,sample120_df4b6c69,sample226_2d7ef8de
4423,sample209_bed041d7,sample129_f22c6f56
4424,sample085_dd90578a,sample213_d8480af4
4425,sample021_d21d4bb3,sample243_1ced9527
4426,sample166_8454c459,sample122_e1166b1d
4427,sample081_44c869d5,sample229_f92eb5b1
4428,sample125_1b5a54f4,sample128_3857eff1
4429,sample026_cce061cf,sample051_cadff688
4430,sample154_f1fb8e99,sample193_a3aba001
4431,sample117_4997d25a,sample052_bcf1cb6d
4432,sample089_101bfe11,sample063_768a6a1b
4433,sample049_fae6bd3c,sample109_2f2d8c0a
4434,sample161_04667130,sample190_762dfa42
4435,sample131_26551668,sample135_743c9b1f
4436,sample016_ac47e9d0,sample153_285b89ed
4437,sample093_1c1b1da8,sample224_1fc3e356
4438,sample074_0d740677,sample045_14ac45b4
4439,sample214_47d63bf9,sample072_ca368684
4440,sample082_1b5867e7,sample181_a6621347
4441,sample100_7eeb677c,sample032_efba1c76
4442,sample195_26730d6d,sample139_6badff7b
4443,sample012_1a3238c3,sample024_50e90c97
4444,sample118_96a1642f,sample230_47b01153
4445,sample020_4a03fd2e,sample219_9b7a084f
4446,sample028_28cee35c,sample158_3554df76
4447,sample169_2e4395a7,sample071_1e1cdb9c
4448,sample155_0163e391,sample241_9aeb4384
4449,sample091_671e5ef1,sample171_02b13e1c
4450,sample073_a3f37a12,sample034_3c0550fc
4451,sample019_fb26ed47,sample176_db87a5a2
4452,sample141_8b2cf3b6,sample099_122a179d
4453,sample013_82d2cad9,sample150_0515f210
4454,sample042_70ed032c,sample105_f7a5e5bd
4455,sample041_06592579,sample130_ed256ee8
4456,sample200_d8677912,sample144_29c8262d
4457,sample177_0198da6e,sample148_b944223f
4458,sample109_2f2d8c0a,sample138_f46547e5
4459,sample024_50e90c97,sample011_25be81fc
4460,sample247_388ecf10,sample064_0b854809
4461,sample240_f834f12b,sample131_26551668
4462,sample226_2d7ef8de,sample063_768a6a1b
4463,sample097_0a02c41a,sample241_9aeb4384
4464,sample017_e847dff4,sample153_285b89ed
4465,sample219_9b7a084f,sample078_5b8ec916
4466,sample171_02b13e1c,sample187_b0f03602
4467,sample092_7e1324ef,sample066_f9dcce53
4468,sample168_22e2db9e,sample076_2a6025df
4469,sample030_9732143a,sample051_cadff688
4470,sample161_04667130,sample061_cdf92033
4471,sample165_cdf5c82d,sample079_906be0f9
4472,sample189_b2eb371f,sample183_ca767767
4473,sample012_1a3238c3,sample199_40e217d7
4474,sample163_35d6a180,sample225_ef9728ac
4475,sample029_6457d3d0,sample018_c980f33d
4476,sample160_ed88263c,sample134_0b972e44
4477,sample133_a07c1913,sample123_fc41e8f2
4478,sample157_b1148f69,sample038_e6b5ca93
4479,sample159_918aa5c3,sample205_29b101bc
4480,sample196_3469b979,sample039_d5a20d17
4481,sample058_30b13499,sample036_c2d5e868
4482,sample067_224b9d42,sample158_3554df76
4483,sample128_3857eff1,sample233_4e88157a
4484,sample246_e8541fc4,sample129_f22c6f56
4485,sample085_dd90578a,sample197_9fb7ce5f
4486,sample108_d2b794a9,sample132_f2c32289
4487,sample021_d21d4bb3,sample084_c70d4e6b
4488,sample100_7eeb677c,sample059_ea36c31b
4489,sample050_4cbe8ba0,sample032_efba1c76
4490,sample180_e3d8d698,sample223_e7455493
4491,sample007_946106c1,sample186_e5557310
4492,sample027_cd0faf20,sample093_1c1b1da8
4493,sample120_df4b6c69,sample013_82d2cad9
4494,sample167_a27abf78,sample048_e4494277
4495,sample164_6086e75c,sample019_fb26ed47
4496,sample195_26730d6d,sample172_7588bd44
4497,sample053_a2bad463,sample154_f1fb8e99
4498,sample124_3f5d1a8c,sample175_88993b09
4499,sample156_fd7b9fa4,sample207_2ca97251
4500,sample037_79498522,sample072_ca368684
4501,sample202_3a6e070e,sample126_ff7c90d7
4502,sample056_f521058f,sample146_36e0a56d
4503,sample217_6377ae91,sample088_4f85a4f9
4504,sample179_5d46b53e,sample113_8ada680d
4505,sample234_553dcff0,sample228_398bd9c3
4506,sample081_44c869d5,sample054_ecc70f99
4507,sample184_2c9ff4fe,sample125_1b5a54f4
4508,sample087_61baefa8,sample143_caa0315c
4509,sample152_2c7a9e21,sample227_23672cca
4510,sample220_5a48d9b6,sample052_bcf1cb6d
4511,sample055_fb292964,sample042_70ed032c
4512,sample149_46f6fc34,sample147_b31be30b
4513,sample069_5cae6d79,sample068_f841a2c6
4514,sample194_328dbd2a,sample049_fae6bd3c
4515,sample136_390f0707,sample112_44add070
4516,sample111_4737c4d2,sample151_0c634082
4517,sample245_2638b53c,sample142_1985425c
4518,sample198_ee0e18d2,sample203_3b23436c
4519,sample044_e5a06143,sample090_e7880a98
4520,sample218_2eaffa66,sample248_79b27f7d
4521,sample209_bed041d7,sample089_101bfe11
4522,sample028_28cee35c,sample014_ac17730c
4523,sample103_540aea48,sample099_122a179d
4524,sample020_4a03fd2e,sample208_160ca549
4525,sample139_6badff7b,sample073_a3f37a12
4526,sample169_2e4395a7,sample224_1fc3e356
4527,sample023_41c39e41,sample071_1e1cdb9c
4528,sample243_1ced9527,sample210_ac1f93e1
4529,sample116_e242d5ac,sample239_70abef06
4530,sample106_56fd4274,sample137_f533bb44
4531,sample201_5430f370,sample192_144a35f2
4532,sample096_11e92880,sample135_743c9b1f
4533,sample122_e1166b1d,sample214_47d63bf9
4534,sample150_0515f210,sample221_0d7c78bd
4535,sample035_2729e0e2,sample045_14ac45b4
4536,sample101_fae0484f,sample110_8e91af50
4537,sample098_f5a9d2bc,sample170_e547d744
4538,sample185_0ea0912d,sample222_bfe748cb
4539,sample075_4764b9a3,sample077_0b68117f
4540,sample119_a4f7dd43,sample117_4997d25a
4541,sample231_a7ca1cbe,sample166_8454c459
4542,sample188_0e995f08,sample104_e61bf93a
4543,sample040_2bfbed5d,sample043_e99d768e
4544,sample145_685d512c,sample095_039a7b60
4545,sample016_ac47e9d0,sample230_47b01153
4546,sample155_0163e391,sample022_dab4ef06
4547,sample074_0d740677,sample057_29b21bea
4548,sample086_fc6b25d7,sample105_f7a5e5bd
4549,sample082_1b5867e7,sample026_cce061cf
4550,sample015_a93d8cfa,sample033_e451edf0
4551,sample244_f01a5078,sample107_a38717d4
4552,sample047_2aff3b5d,sample140_9355c8d3
4553,sample237_9472557e,sample236_f3d5c89f
4554,sample162_2cc0400c,sample174_728e16bc
4555,sample190_762dfa42,sample178_f1334217
4556,sample211_a2b39b71,sample212_4d3716b5
4557,sample034_3c0550fc,sample025_76911851
4558,sample083_f5ef4dc7,sample238_fdf5ca49
4559,sample215_cc025b5e,sample191_3361e30f
4560,sample173_2377df9e,sample121_76bcb529
4561,sample070_ecd1d324,sample213_d8480af4
4562,sample080_20eca9e0,sample065_f352d7d0
4563,sample141_8b2cf3b6,sample115_2bd91ef1
4564,sample114_fdb345bb,sample206_cada7cf4
4565,sample062_daaf900c,sample091_671e5ef1
4566,sample127_7d7b8f84,sample181_a6621347
4567,sample216_ffa6ee05,sample242_bc639087
4568,sample182_fc65241d,sample118_96a1642f
4569,sample046_3dda9f49,sample060_c4420875
4570,sample031_c4c1f623,sample094_6fbee84a
4571,sample009_8fec8452,sample193_a3aba001
4572,sample232_cf98e3c8,sample235_ea92f26e
4573,sample204_baf7f138,sample176_db87a5a2
4574,sample229_f92eb5b1,sample102_436dc55f
4575,sample030_9732143a,sample013_82d2cad9
4576,sample176_db87a5a2,sample226_2d7ef8de
4577,sample088_4f85a4f9,sample076_2a6025df
4578,sample182_fc65241d,sample090_e7880a98
4579,sample158_3554df76,sample229_f92eb5b1
4580,sample113_8ada680d,sample151_0c634082
4581,sample173_2377df9e,sample243_1ced9527
4582,sample208_160ca549,sample240_f834f12b
4583,sample094_6fbee84a,sample016_ac47e9d0
4584,sample122_e1166b1d,sample135_743c9b1f
4585,sample067_224b9d42,sample055_fb292964
4586,sample234_553dcff0,sample142_1985425c
4587,sample210_ac1f93e1,sample202_3a6e070e
4588,sample213_d8480af4,sample145_685d512c
4589,sample191_3361e30f,sample020_4a03fd2e
4590,sample209_bed041d7,sample047_2aff3b5d
4591,sample155_0163e391,sample179_5d46b53e
4592,sample236_f3d5c89f,sample228_398bd9c3
4593,sample227_23672cca,sample111_4737c4d2
4594,sample157_b1148f69,sample099_122a179d
4595,sample152_2c7a9e21,sample218_2eaffa66
4596,sample015_a93d8cfa,sample193_a3aba001
4597,sample039_d5a20d17,sample052_bcf1cb6d
4598,sample217_6377ae91,sample246_e8541fc4
4599,sample192_144a35f2,sample031_c4c1f623
4600,sample131_26551668,sample033_e451edf0
4601,sample064_0b854809,sample232_cf98e3c8
4602,sample199_40e217d7,sample165_cdf5c82d
4603,sample042_70ed032c,sample109_2f2d8c0a
4604,sample201_5430f370,sample046_3dda9f49
4605,sample168_22e2db9e,sample018_c980f33d
4606,sample144_29c8262d,sample045_14ac45b4
4607,sample139_6badff7b,sample097_0a02c41a
4608,sample242_bc639087,sample175_88993b09
4609,sample216_ffa6ee05,sample096_11e92880
4610,sample206_cada7cf4,sample063_768a6a1b
4611,sample068_f841a2c6,sample086_fc6b25d7
4612,sample203_3b23436c,sample106_56fd4274
4613,sample114_fdb345bb,sample087_61baefa8
4614,sample156_fd7b9fa4,sample044_e5a06143
4615,sample021_d21d4bb3,sample007_946106c1
4616,sample121_76bcb529,sample186_e5557310
4617,sample098_f5a9d2bc,sample224_1fc3e356
4618,sample074_0d740677,sample137_f533bb44
4619,sample082_1b5867e7,sample136_390f0707
4620,sample100_7eeb677c,sample132_f2c32289
4621,sample133_a07c1913,sample060_c4420875
4622,sample081_44c869d5,sample207_2ca97251
4623,sample124_3f5d1a8c,sample116_e242d5ac
4624,sample180_e3d8d698,sample141_8b2cf3b6
4625,sample149_46f6fc34,sample049_fae6bd3c
4626,sample219_9b7a084f,sample189_b2eb371f
4627,sample038_e6b5ca93,sample241_9aeb4384
4628,sample069_5cae6d79,sample108_d2b794a9
4629,sample178_f1334217,sample184_2c9ff4fe
4630,sample162_2cc0400c,sample073_a3f37a12
4631,sample127_7d7b8f84,sample072_ca368684
4632,sample248_79b27f7d,sample177_0198da6e
4633,sample083_f5ef4dc7,sample200_d8677912
4634,sample084_c70d4e6b,sample062_daaf900c
4635,sample170_e547d744,sample220_5a48d9b6
4636,sample225_ef9728ac,sample212_4d3716b5
4637,sample166_8454c459,sample140_9355c8d3
4638,sample125_1b5a54f4,sample154_f1fb8e99
4639,sample138_f46547e5,sample089_101bfe11
4640,sample105_f7a5e5bd,sample185_0ea0912d
4641,sample085_dd90578a,sample058_30b13499
4642,sample091_671e5ef1,sample205_29b101bc
4643,sample174_728e16bc,sample160_ed88263c
4644,sample107_a38717d4,sample027_cd0faf20
4645,sample169_2e4395a7,sample110_8e91af50
4646,sample126_ff7c90d7,sample103_540aea48
4647,sample071_1e1cdb9c,sample050_4cbe8ba0
4648,sample032_efba1c76,sample119_a4f7dd43
4649,sample017_e847dff4,sample011_25be81fc
4650,sample115_2bd91ef1,sample053_a2bad463
4651,sample014_ac17730c,sample041_06592579
4652,sample159_918aa5c3,sample190_762dfa42
4653,sample040_2bfbed5d,sample023_41c39e41
4654,sample183_ca767767,sample188_0e995f08
4655,sample146_36e0a56d,sample204_baf7f138
4656,sample120_df4b6c69,sample078_5b8ec916
4657,sample104_e61bf93a,sample134_0b972e44
4658,sample181_a6621347,sample164_6086e75c
4659,sample012_1a3238c3,sample034_3c0550fc
4660,sample092_7e1324ef,sample095_039a7b60
4661,sample054_ecc70f99,sample130_ed256ee8
4662,sample222_bfe748cb,sample036_c2d5e868
4663,sample101_fae0484f,sample214_47d63bf9
4664,sample223_e7455493,sample061_cdf92033
4665,sample163_35d6a180,sample245_2638b53c
4666,sample056_f521058f,sample102_436dc55f
4667,sample196_3469b979,sample147_b31be30b
4668,sample230_47b01153,sample211_a2b39b71
4669,sample019_fb26ed47,sample221_0d7c78bd
4670,sample235_ea92f26e,sample194_328dbd2a
4671,sample231_a7ca1cbe,sample037_79498522
4672,sample150_0515f210,sample153_285b89ed
4673,sample161_04667130,sample112_44add070
4674,sample143_caa0315c,sample022_dab4ef06
4675,sample244_f01a5078,sample187_b0f03602
4676,sample009_8fec8452,sample172_7588bd44
4677,sample117_4997d25a,sample148_b944223f
4678,sample066_f9dcce53,sample057_29b21bea
4679,sample239_70abef06,sample171_02b13e1c
4680,sample025_76911851,sample197_9fb7ce5f
4681,sample026_cce061cf,sample028_28cee35c
4682,sample043_e99d768e,sample077_0b68117f
4683,sample238_fdf5ca49,sample029_6457d3d0
4684,sample051_cadff688,sample079_906be0f9
4685,sample167_a27abf78,sample080_20eca9e0
4686,sample035_2729e0e2,sample237_9472557e
4687,sample118_96a1642f,sample247_388ecf10
4688,sample129_f22c6f56,sample215_cc025b5e
4689,sample070_ecd1d324,sample093_1c1b1da8
4690,sample059_ea36c31b,sample233_4e88157a
4691,sample128_3857eff1,sample024_50e90c97
4692,sample195_26730d6d,sample065_f352d7d0
4693,sample048_e4494277,sample123_fc41e8f2
4694,sample075_4764b9a3,sample198_ee0e18d2
4695,sample119_a4f7dd43,sample137_f533bb44
4696,sample019_fb26ed47,sample078_5b8ec916
4697,sample054_ecc70f99,sample164_6086e75c
4698,sample053_a2bad463,sample021_d21d4bb3
4699,sample061_cdf92033,sample231_a7ca1cbe
4700,sample220_5a48d9b6,sample009_8fec8452
4701,sample189_b2eb371f,sample133_a07c1913
4702,sample150_0515f210,sample196_3469b979
4703,sample046_3dda9f49,sample206_cada7cf4
4704,sample247_388ecf10,sample093_1c1b1da8
4705,sample219_9b7a084f,sample070_ecd1d324
4706,sample128_3857eff1,sample079_906be0f9
4707,sample205_29b101bc,sample216_ffa6ee05
4708,sample159_918aa5c3,sample109_2f2d8c0a
4709,sample066_f9dcce53,sample181_a6621347
4710,sample174_728e16bc,sample095_039a7b60
4711,sample176_db87a5a2,sample239_70abef06
4712,sample120_df4b6c69,sample074_0d740677
4713,sample127_7d7b8f84,sample182_fc65241d
4714,sample087_61baefa8,sample156_fd7b9fa4
4715,sample103_540aea48,sample213_d8480af4
4716,sample198_ee0e18d2,sample045_14ac45b4
4717,sample223_e7455493,sample062_daaf900c
4718,sample193_a3aba001,sample122_e1166b1d
4719,sample179_5d46b53e,sample049_fae6bd3c
4720,sample007_946106c1,sample028_28cee35c
4721,sample202_3a6e070e,sample180_e3d8d698
4722,sample104_e61bf93a,sample147_b31be30b
4723,sample171_02b13e1c,sample186_e5557310
4724,sample075_4764b9a3,sample071_1e1cdb9c
4725,sample208_160ca549,sample161_04667130
4726,sample138_f46547e5,sample099_122a179d
4727,sample037_79498522,sample111_4737c4d2
4728,sample191_3361e30f,sample041_06592579
4729,sample141_8b2cf3b6,sample024_50e90c97
4730,sample163_35d6a180,sample192_144a35f2
4731,sample135_743c9b1f,sample153_285b89ed
4732,sample090_e7880a98,sample242_bc639087
4733,sample020_4a03fd2e,sample190_762dfa42
4734,sample107_a38717d4,sample214_47d63bf9
4735,sample016_ac47e9d0,sample173_2377df9e
4736,sample030_9732143a,sample114_fdb345bb
4737,sample178_f1334217,sample199_40e217d7
4738,sample221_0d7c78bd,sample225_ef9728ac
4739,sample207_2ca97251,sample149_46f6fc34
4740,sample140_9355c8d3,sample088_4f85a4f9
4741,sample175_88993b09,sample082_1b5867e7
4742,sample042_70ed032c,sample236_f3d5c89f
4743,sample241_9aeb4384,sample170_e547d744
4744,sample184_2c9ff4fe,sample015_a93d8cfa
4745,sample131_26551668,sample035_2729e0e2
4746,sample222_bfe748cb,sample134_0b972e44
4747,sample165_cdf5c82d,sample063_768a6a1b
4748,sample084_c70d4e6b,sample227_23672cca
4749,sample166_8454c459,sample044_e5a06143
4750,sample025_76911851,sample240_f834f12b
4751,sample106_56fd4274,sample157_b1148f69
4752,sample105_f7a5e5bd,sample011_25be81fc
4753,sample073_a3f37a12,sample039_d5a20d17
4754,sample012_1a3238c3,sample188_0e995f08
4755,sample183_ca767767,sample228_398bd9c3
4756,sample060_c4420875,sample017_e847dff4
4757,sample126_ff7c90d7,sample031_c4c1f623
4758,sample059_ea36c31b,sample076_2a6025df
4759,sample018_c980f33d,sample094_6fbee84a
4760,sample047_2aff3b5d,sample130_ed256ee8
4761,sample102_436dc55f,sample146_36e0a56d
4762,sample235_ea92f26e,sample055_fb292964
4763,sample085_dd90578a,sample108_d2b794a9
4764,sample238_fdf5ca49,sample096_11e92880
4765,sample043_e99d768e,sample112_44add070
4766,sample068_f841a2c6,sample234_553dcff0
4767,sample224_1fc3e356,sample036_c2d5e868
4768,sample246_e8541fc4,sample101_fae0484f
4769,sample167_a27abf78,sample187_b0f03602
4770,sample100_7eeb677c,sample197_9fb7ce5f
4771,sample118_96a1642f,sample217_6377ae91
4772,sample144_29c8262d,sample142_1985425c
4773,sample034_3c0550fc,sample116_e242d5ac
4774,sample185_0ea0912d,sample125_1b5a54f4
4775,sample194_328dbd2a,sample057_29b21bea
4776,sample092_7e1324ef,sample201_5430f370
4777,sample210_ac1f93e1,sample048_e4494277
4778,sample069_5cae6d79,sample123_fc41e8f2
4779,sample089_101bfe11,sample014_ac17730c
4780,sample152_2c7a9e21,sample244_f01a5078
4781,sample058_30b13499,sample121_76bcb529
4782,sample110_8e91af50,sample215_cc025b5e
4783,sample115_2bd91ef1,sample124_3f5d1a8c
4784,sample083_f5ef4dc7,sample027_cd0faf20
4785,sample212_4d3716b5,sample151_0c634082
4786,sample243_1ced9527,sample154_f1fb8e99
4787,sample081_44c869d5,sample233_4e88157a
4788,sample229_f92eb5b1,sample097_0a02c41a
4789,sample203_3b23436c,sample139_6badff7b
4790,sample117_4997d25a,sample072_ca368684
4791,sample052_bcf1cb6d,sample211_a2b39b71
4792,sample195_26730d6d,sample155_0163e391
4793,sample056_f521058f,sample038_e6b5ca93
4794,sample248_79b27f7d,sample091_671e5ef1
4795,sample143_caa0315c,sample232_cf98e3c8
4796,sample160_ed88263c,sample026_cce061cf
4797,sample136_390f0707,sample226_2d7ef8de
4798,sample129_f22c6f56,sample237_9472557e
4799,sample040_2bfbed5d,sample080_20eca9e0
4800,sample145_685d512c,sample029_6457d3d0
4801,sample162_2cc0400c,sample209_bed041d7
4802,sample218_2eaffa66,sample172_7588bd44
4803,sample204_baf7f138,sample064_0b854809
4804,sample200_d8677912,sample168_22e2db9e
4805,sample148_b944223f,sample113_8ada680d
4806,sample022_dab4ef06,sample158_3554df76
4807,sample132_f2c32289,sample245_2638b53c
4808,sample230_47b01153,sample032_efba1c76
4809,sample023_41c39e41,sample051_cadff688
4810,sample065_f352d7d0,sample077_0b68117f
4811,sample098_f5a9d2bc,sample050_4cbe8ba0
4812,sample177_0198da6e,sample067_224b9d42
4813,sample169_2e4395a7,sample086_fc6b25d7
4814,sample013_82d2cad9,sample033_e451edf0
4815,sample101_fae0484f,sample104_e61bf93a
4816,sample201_5430f370,sample160_ed88263c
4817,sample156_fd7b9fa4,sample161_04667130
4818,sample164_6086e75c,sample242_bc639087
4819,sample035_2729e0e2,sample102_436dc55f
4820,sample024_50e90c97,sample071_1e1cdb9c
4821,sample050_4cbe8ba0,sample062_daaf900c
4822,sample171_02b13e1c,sample225_ef9728ac
4823,sample229_f92eb5b1,sample019_fb26ed47
4824,sample222_bfe748cb,sample165_cdf5c82d
4825,sample186_e5557310,sample082_1b5867e7
4826,sample077_0b68117f,sample138_f46547e5
4827,sample190_762dfa42,sample158_3554df76
4828,sample133_a07c1913,sample239_70abef06
4829,sample129_f22c6f56,sample113_8ada680d
4830,sample235_ea92f26e,sample217_6377ae91
4831,sample121_76bcb529,sample218_2eaffa66
4832,sample234_553dcff0,sample246_e8541fc4
4833,sample145_685d512c,sample219_9b7a084f
4834,sample085_dd90578a,sample091_671e5ef1
4835,sample230_47b01153,sample048_e4494277
4836,sample197_9fb7ce5f,sample038_e6b5ca93
4837,sample184_2c9ff4fe,sample012_1a3238c3
4838,sample227_23672cca,sample167_a27abf78
4839,sample213_d8480af4,sample021_d21d4bb3
4840,sample147_b31be30b,sample041_06592579
4841,sample198_ee0e18d2,sample096_11e92880
4842,sample047_2aff3b5d,sample178_f1334217
4843,sample245_2638b53c,sample037_79498522
4844,sample228_398bd9c3,sample209_bed041d7
4845,sample031_c4c1f623,sample036_c2d5e868
4846,sample080_20eca9e0,sample051_cadff688
4847,sample099_122a179d,sample059_ea36c31b
4848,sample044_e5a06143,sample174_728e16bc
4849,sample224_1fc3e356,sample094_6fbee84a
4850,sample141_8b2cf3b6,sample097_0a02c41a
4851,sample223_e7455493,sample049_fae6bd3c
4852,sample130_ed256ee8,sample064_0b854809
4853,sample053_a2bad463,sample107_a38717d4
4854,sample194_328dbd2a,sample124_3f5d1a8c
4855,sample146_36e0a56d,sample115_2bd91ef1
4856,sample240_f834f12b,sample070_ecd1d324
4857,sample179_5d46b53e,sample182_fc65241d
4858,sample231_a7ca1cbe,sample189_b2eb371f
4859,sample151_0c634082,sample108_d2b794a9
4860,sample023_41c39e41,sample220_5a48d9b6
4861,sample139_6badff7b,sample207_2ca97251
4862,sample210_ac1f93e1,sample090_e7880a98
4863,sample028_28cee35c,sample168_22e2db9e
4864,sample103_540aea48,sample119_a4f7dd43
4865,sample203_3b23436c,sample022_dab4ef06
4866,sample100_7eeb677c,sample087_61baefa8
4867,sample180_e3d8d698,sample112_44add070
4868,sample063_768a6a1b,sample084_c70d4e6b
4869,sample204_baf7f138,sample065_f352d7d0
4870,sample013_82d2cad9,sample185_0ea0912d
4871,sample131_26551668,sample126_ff7c90d7
4872,sample127_7d7b8f84,sample187_b0f03602
4873,sample191_3361e30f,sample106_56fd4274
4874,sample074_0d740677,sample076_2a6025df
4875,sample154_f1fb8e99,sample226_2d7ef8de
4876,sample193_a3aba001,sample155_0163e391
4877,sample166_8454c459,sample212_4d3716b5
4878,sample216_ffa6ee05,sample248_79b27f7d
4879,sample221_0d7c78bd,sample140_9355c8d3
4880,sample163_35d6a180,sample089_101bfe11
4881,sample042_70ed032c,sample011_25be81fc
4882,sample188_0e995f08,sample136_390f0707
4883,sample055_fb292964,sample192_144a35f2
4884,sample153_285b89ed,sample143_caa0315c
4885,sample086_fc6b25d7,sample040_2bfbed5d
4886,sample111_4737c4d2,sample007_946106c1
4887,sample058_30b13499,sample123_fc41e8f2
4888,sample033_e451edf0,sample195_26730d6d
4889,sample215_cc025b5e,sample175_88993b09
4890,sample110_8e91af50,sample030_9732143a
4891,sample068_f841a2c6,sample093_1c1b1da8
4892,sample039_d5a20d17,sample205_29b101bc
4893,sample014_ac17730c,sample078_5b8ec916
4894,sample233_4e88157a,sample142_1985425c
4895,sample018_c980f33d,sample061_cdf92033
4896,sample027_cd0faf20,sample066_f9dcce53
4897,sample148_b944223f,sample114_fdb345bb
4898,sample144_29c8262d,sample183_ca767767
4899,sample109_2f2d8c0a,sample208_160ca549
4900,sample134_0b972e44,sample173_2377df9e
4901,sample162_2cc0400c,sample095_039a7b60
4902,sample016_ac47e9d0,sample067_224b9d42
4903,sample060_c4420875,sample170_e547d744
4904,sample098_f5a9d2bc,sample137_f533bb44
4905,sample045_14ac45b4,sample196_3469b979
4906,sample214_47d63bf9,sample157_b1148f69
4907,sample241_9aeb4384,sample025_76911851
4908,sample237_9472557e,sample073_a3f37a12
4909,sample243_1ced9527,sample072_ca368684
4910,sample069_5cae6d79,sample152_2c7a9e21
4911,sample079_906be0f9,sample043_e99d768e
4912,sample150_0515f210,sample118_96a1642f
4913,sample017_e847dff4,sample052_bcf1cb6d
4914,sample169_2e4395a7,sample135_743c9b1f
4915,sample200_d8677912,sample159_918aa5c3
4916,sample177_0198da6e,sample232_cf98e3c8
4917,sample244_f01a5078,sample081_44c869d5
4918,sample116_e242d5ac,sample015_a93d8cfa
4919,sample029_6457d3d0,sample122_e1166b1d
4920,sample057_29b21bea,sample032_efba1c76
4921,sample206_cada7cf4,sample020_4a03fd2e
4922,sample125_1b5a54f4,sample054_ecc70f99
4923,sample092_7e1324ef,sample009_8fec8452
4924,sample181_a6621347,sample117_4997d25a
4925,sample247_388ecf10,sample199_40e217d7
4926,sample120_df4b6c69,sample236_f3d5c89f
4927,sample176_db87a5a2,sample149_46f6fc34
4928,sample026_cce061cf,sample056_f521058f
4929,sample132_f2c32289,sample202_3a6e070e
4930,sample034_3c0550fc,sample211_a2b39b71
4931,sample238_fdf5ca49,sample128_3857eff1
4932,sample172_7588bd44,sample075_4764b9a3
4933,sample088_4f85a4f9,sample083_f5ef4dc7
4934,sample105_f7a5e5bd,sample046_3dda9f49
4935,sample208_160ca549,sample078_5b8ec916
4936,sample054_ecc70f99,sample133_a07c1913
4937,sample016_ac47e9d0,sample076_2a6025df
4938,sample071_1e1cdb9c,sample138_f46547e5
4939,sample061_cdf92033,sample097_0a02c41a
4940,sample068_f841a2c6,sample214_47d63bf9
4941,sample095_039a7b60,sample234_553dcff0
4942,sample056_f521058f,sample187_b0f03602
4943,sample124_3f5d1a8c,sample221_0d7c78bd
4944,sample009_8fec8452,sample030_9732143a
4945,sample149_46f6fc34,sample136_390f0707
4946,sample135_743c9b1f,sample123_fc41e8f2
4947,sample167_a27abf78,sample134_0b972e44
4948,sample198_ee0e18d2,sample174_728e16bc
4949,sample069_5cae6d79,sample029_6457d3d0
4950,sample192_144a35f2,sample238_fdf5ca49
4951,sample100_7eeb677c,sample089_101bfe11
4952,sample099_122a179d,sample031_c4c1f623
4953,sample161_04667130,sample040_2bfbed5d
4954,sample197_9fb7ce5f,sample217_6377ae91
4955,sample191_3361e30f,sample204_baf7f138
4956,sample113_8ada680d,sample146_36e0a56d
4957,sample137_f533bb44,sample039_d5a20d17
4958,sample120_df4b6c69,sample200_d8677912
4959,sample014_ac17730c,sample248_79b27f7d
4960,sample093_1c1b1da8,sample073_a3f37a12
4961,sample233_4e88157a,sample237_9472557e
4962,sample148_b944223f,sample205_29b101bc
4963,sample139_6badff7b,sample013_82d2cad9
4964,sample152_2c7a9e21,sample035_2729e0e2
4965,sample119_a4f7dd43,sample177_0198da6e
4966,sample064_0b854809,sample244_f01a5078
4967,sample118_96a1642f,sample164_6086e75c
4968,sample101_fae0484f,sample074_0d740677
4969,sample242_bc639087,sample159_918aa5c3
4970,sample082_1b5867e7,sample215_cc025b5e
4971,sample158_3554df76,sample103_540aea48
4972,sample230_47b01153,sample023_41c39e41
4973,sample038_e6b5ca93,sample011_25be81fc
4974,sample226_2d7ef8de,sample203_3b23436c
4975,sample246_e8541fc4,sample098_f5a9d2bc
4976,sample182_fc65241d,sample084_c70d4e6b
4977,sample172_7588bd44,sample181_a6621347
4978,sample027_cd0faf20,sample236_f3d5c89f
4979,sample104_e61bf93a,sample109_2f2d8c0a
4980,sample115_2bd91ef1,sample142_1985425c
4981,sample077_0b68117f,sample247_388ecf10
4982,sample220_5a48d9b6,sample160_ed88263c
4983,sample235_ea92f26e,sample207_2ca97251
4984,sample122_e1166b1d,sample072_ca368684
4985,sample049_fae6bd3c,sample165_cdf5c82d
4986,sample173_2377df9e,sample048_e4494277
4987,sample057_29b21bea,sample144_29c8262d
4988,sample155_0163e391,sample050_4cbe8ba0
4989,sample060_c4420875,sample209_bed041d7
4990,sample162_2cc0400c,sample114_fdb345bb
4991,sample213_d8480af4,sample188_0e995f08
4992,sample163_35d6a180,sample206_cada7cf4
4993,sample218_2eaffa66,sample042_70ed032c
4994,sample107_a38717d4,sample239_70abef06
4995,sample087_61baefa8,sample112_44add070
4996,sample153_285b89ed,sample243_1ced9527
4997,sample034_3c0550fc,sample229_f92eb5b1
4998,sample044_e5a06143,sample193_a3aba001
4999,sample189_b2eb371f,sample045_14ac45b4
5000,sample059_ea36c31b,sample143_caa0315c
5001,sample051_cadff688,sample065_f352d7d0
5002,sample127_7d7b8f84,sample223_e7455493
5003,sample019_fb26ed47,sample232_cf98e3c8
5004,sample092_7e1324ef,sample199_40e217d7
5005,sample012_1a3238c3,sample171_02b13e1c
5006,sample041_06592579,sample085_dd90578a
5007,sample080_20eca9e0,sample083_f5ef4dc7
5008,sample216_ffa6ee05,sample028_28cee35c
5009,sample086_fc6b25d7,sample201_5430f370
